"Источник трафика","Источник трафика (детально)","Поисковая система","Поисковая фраза","Визиты","Посетители","Отказы","Глубина просмотра","Время на сайте"
"Итого и средние","","","","47998","16182","0.15504812700529189","5.504854368932039","00:07:02"
"Прямые заходы","Не определено","Не определено","Не определено","14727","5609","0.1378420588035581","5.157601683981802","00:05:30"
"Внутренние переходы","Не определено","Не определено","Не определено","10599","1216","0.05811869044249458","6.914520237758279","00:11:07"
"Переходы из поисковых систем","Google","Google","Не определено","6569","2316","0.14203075049474806","5.346171411173694","00:06:37"
"Переходы по рекламе","Google Ads","Не определено","Не определено","6426","4590","0.41238717709305944","2.179738562091503","00:01:23"
"Переходы по ссылкам на сайтах","2010.tgt-world.com","Не определено","Не определено","2676","80","0.033258594917787744","8.371823617339313","00:17:14"
"Переходы из социальных сетей","instagram.com","Не определено","Не определено","2369","1857","0.12283663993246095","5.628957365977206","00:02:57"
"Переходы из поисковых систем","Яндекс","Яндекс","Не определено","818","330","0.20293398533007334","4.1442542787286065","00:04:15"
"Переходы по ссылкам на сайтах","s-king.ru","Не определено","Не определено","606","20","0.07425742574257425","6.907590759075908","00:10:16"
"Переходы по ссылкам на сайтах","ntp.msn.com","Не определено","Не определено","317","3","0.0031545741324921135","29.95583596214511","00:24:29"
"Переходы по ссылкам на сайтах","youtube.com","Не определено","Не определено","252","239","0.5674603174603174","1.3055555555555556","00:00:30"
"Переходы по ссылкам на сайтах","css.viber.com","Не определено","Не определено","221","11","0.03619909502262444","4.886877828054299","00:10:36"
"Переходы по ссылкам на сайтах","metrika.yandex.ru","Не определено","Не определено","217","6","0.05990783410138248","5.350230414746544","00:11:43"
"Не определено","Не определено","Не определено","Не определено","177","114","0.10734463276836158","10.231638418079097","00:11:09"
"Переходы по рекламе","Другая реклама: определено по меткам","Не определено","Не определено","121","80","0.2975206611570248","3.2892561983471076","00:03:59"
"Переходы из поисковых систем","Яндекс","Яндекс","7351zb1129-714","94","1","0.05319148936170213","4.617021276595745","00:08:16"
"Переходы из поисковых систем","Яндекс","Яндекс","s-tgt","85","20","0.1176470588235294","9.094117647058823","00:08:02"
"Переходы из мессенджеров","Telegram","Не определено","Не определено","60","21","0.05","4.833333333333333","00:07:30"
"Переходы из поисковых систем","Яндекс","Яндекс","https://s-tgt.by/","55","4","0.05454545454545454","3.0","00:01:17"
"Переходы из поисковых систем","Яндекс","Яндекс","https://s-tgt","52","1","0.038461538461538464","5.326923076923077","00:07:29"
"Переходы из социальных сетей","ВКонтакте","Не определено","Не определено","48","30","0.125","5.208333333333333","00:05:37"
"Переходы по ссылкам на сайтах","e.mail.ru","Не определено","Не определено","37","14","0.1081081081081081","9.837837837837839","00:09:26"
"Переходы по ссылкам на сайтах","webmaster.yandex.ru","Не определено","Не определено","37","2","0.0","7.945945945945946","00:13:11"
"Переходы из поисковых систем","Яндекс","Яндекс","тгт","35","20","0.14285714285714285","4.485714285714286","00:11:15"
"Переходы из поисковых систем","Яндекс","Яндекс","3891373-400","34","1","0.1176470588235294","2.823529411764706","00:03:44"
"Переходы по ссылкам на сайтах","lens.google.com","Не определено","Не определено","31","13","0.1935483870967742","3.3225806451612905","00:04:02"
"Переходы из поисковых систем","Яндекс","Яндекс","s-tgt.by","28","13","0.0","10.107142857142858","00:06:14"
"Переходы из поисковых систем","Яндекс","Яндекс","s tgt","27","5","0.037037037037037035","10.666666666666666","00:06:50"
"Переходы из поисковых систем","Яндекс","Яндекс","зао тгт","27","22","0.14814814814814814","1.7777777777777777","00:00:29"
"Переходы из поисковых систем","Яндекс","Яндекс","зао тгт минск","24","15","0.04166666666666666","10.125","00:10:29"
"Переходы из поисковых систем","Яндекс","Яндекс","rainforest black","22","1","0.09090909090909091","1.5","00:00:52"
"Переходы из поисковых систем","Яндекс","Яндекс","k16xk022-500","19","2","0.15789473684210525","3.1578947368421053","00:04:30"
"Переходы по ссылкам на сайтах","fnsports.by","Не определено","Не определено","18","12","0.1111111111111111","3.888888888888889","00:06:17"
"Переходы по ссылкам на сайтах","kelme.by","Не определено","Не определено","17","13","0.0588235294117647","7.764705882352941","00:06:13"
"Переходы из поисковых систем","Яндекс","Яндекс","s-tgt. by","17","4","0.0588235294117647","8.470588235294118","00:05:50"
"Переходы из поисковых систем","Яндекс","Яндекс","t.rydenok@s-tgt.by","17","2","0.0","7.352941176470588","00:13:20"
"Переходы из поисковых систем","Яндекс","Яндекс","тгт бай","15","6","0.06666666666666667","2.2666666666666666","00:02:38"
"Переходы из поисковых систем","Bing","Bing","Не определено","13","12","0.23076923076923075","3.230769230769231","00:01:55"
"Переходы из поисковых систем","Яндекс","Яндекс","футбольная форма fn","12","1","0.0","5.916666666666667","00:07:25"
"Переходы из поисковых систем","Яндекс","Яндекс","fn спортивная одежда","11","5","0.09090909090909091","12.454545454545455","00:06:47"
"Переходы по ссылкам на сайтах","android-app","Не определено","Не определено","10","10","0.3","1.5","00:02:43"
"Переходы из поисковых систем","Яндекс","Яндекс","купить футзалки для футбола","10","2","0.1","9.3","00:09:36"
"Переходы из поисковых систем","Яндекс","Яндекс","тгт.бу","10","5","0.2","8.7","00:01:38"
"Переходы из поисковых систем","Яндекс","Яндекс","tgt by","9","2","0.0","13.666666666666666","00:07:01"
"Переходы из поисковых систем","Яндекс","Яндекс","экипировочный центр fn минск","9","1","0.0","3.3333333333333335","00:01:36"
"Переходы из социальных сетей","Facebook","Не определено","Не определено","9","5","0.4444444444444444","3.0","00:04:59"
"Переходы по ссылкам на сайтах","kelmeshop.ru","Не определено","Не определено","8","7","0.0","3.75","00:09:31"
"Переходы по ссылкам на сайтах","mail.bga.by","Не определено","Не определено","8","3","0.125","4.375","00:01:27"
"Переходы из поисковых систем","Яндекс","Яндекс","fn padding hacket","8","1","0.0","2.75","00:03:00"
"Переходы из поисковых систем","Яндекс","Яндекс","s tgt by","8","3","0.25","12.0","00:14:14"
"Переходы из поисковых систем","Яндекс","Яндекс","tgt.by минск","8","7","0.375","1.75","00:00:24"
"Переходы из поисковых систем","Яндекс","Яндекс","тгт 8-25-7977777","8","1","0.0","4.125","00:06:14"
"Переходы по ссылкам на сайтах","yandex.by","Не определено","Не определено","6","6","0.33333333333333326","3.1666666666666665","00:00:45"
"Переходы из поисковых систем","Яндекс","Яндекс","6324bx1006","6","1","0.33333333333333326","1.6666666666666667","00:00:44"
"Переходы из поисковых систем","Яндекс","Яндекс","fn steam blu tgt","6","1","0.0","12.0","00:07:49"
"Переходы из поисковых систем","Яндекс","Яндекс","барьер 40 см sport folding barriers","6","1","0.0","21.666666666666668","00:13:02"
"Переходы из поисковых систем","Яндекс","Яндекс","фирма fn обувь","6","1","0.0","8.0","00:06:06"
"Переходы по ссылкам на сайтах","link.2gis.ru","Не определено","Не определено","5","5","0.0","1.2","00:00:21"
"Переходы из поисковых систем","Яндекс","Яндекс","s-tgt by","5","2","0.0","12.8","00:24:24"
"Переходы из поисковых систем","Яндекс","Яндекс","tgt","5","5","0.2","2.8","00:01:07"
"Переходы из поисковых систем","Яндекс","Яндекс","зао ""тгт""","5","5","0.4","1.4","00:00:21"
"Переходы из поисковых систем","Яндекс","Яндекс","купить снуд мужской зимний","5","1","0.0","7.8","00:02:26"
"Переходы из поисковых систем","Яндекс","Яндекс","тгт спорт","5","1","0.2","2.6","00:05:13"
"Переходы из поисковых систем","Яндекс","Яндекс","fn4201001-000","4","1","0.25","4.75","00:02:13"
"Переходы из поисковых систем","Яндекс","Яндекс","https://s-tgt.by/product/8101bb5019-015","4","1","0.0","5.0","00:05:52"
"Переходы из поисковых систем","Яндекс","Яндекс","stgt.by","4","3","0.5","4.0","00:00:55"
"Переходы из поисковых систем","Яндекс","Яндекс","tgt.by спорт","4","1","0.0","2.75","00:03:58"
"Переходы из поисковых систем","Яндекс","Яндекс","барьер легкоатлетический купить","4","3","0.0","1.5","00:00:18"
"Переходы из поисковых систем","Яндекс","Яндекс","зао «тгт»","4","3","0.0","1.75","00:01:40"
"Переходы из поисковых систем","Яндекс","Яндекс","зао тгт контакты","4","4","0.0","1.0","00:00:21"
"Переходы из поисковых систем","Яндекс","Яндекс","купить шиповки для бега беларусь","4","1","0.0","1.0","00:00:45"
"Переходы из поисковых систем","Яндекс","Яндекс","купить шиповки для легкой атлетики в беларуси","4","4","0.25","1.75","00:06:54"
"Переходы из поисковых систем","Яндекс","Яндекс","футбольная форма kelme football suit","4","1","0.25","8.5","00:25:29"
"Переходы из поисковых систем","Яндекс","Яндекс","191760042","3","3","0.33333333333333326","1.0","00:00:14"
"Переходы из поисковых систем","Яндекс","Яндекс","8461zb1244-200 (1)","3","1","0.0","10.0","00:36:52"
"Переходы из поисковых систем","Яндекс","Яндекс","fn магазин","3","2","0.0","7.666666666666667","00:03:14"
"Переходы из поисковых систем","Яндекс","Яндекс","fn магазин одежды","3","1","0.33333333333333326","5.0","00:05:51"
"Переходы из поисковых систем","Яндекс","Яндекс","kelme short sleeve polo shirt black","3","1","0.0","1.3333333333333333","00:02:17"
"Переходы из поисковых систем","Яндекс","Яндекс","s tgt.by","3","2","0.0","3.3333333333333335","00:04:25"
"Переходы из поисковых систем","Яндекс","Яндекс","tgt.by","3","3","0.6666666666666665","2.6666666666666665","00:04:28"
"Переходы из поисковых систем","Яндекс","Яндекс","wt60371014.403","3","2","0.33333333333333326","1.0","00:00:10"
"Переходы из поисковых систем","Яндекс","Яндекс","барьеры спортивные, стойки легкоатлетические купить в минске","3","1","0.0","6.666666666666667","00:02:07"
"Переходы из поисковых систем","Яндекс","Яндекс","волейбольные кроссовки fn edge","3","3","0.33333333333333326","2.6666666666666665","00:00:40"
"Переходы из поисковых систем","Яндекс","Яндекс","волейбольные кроссовки fn edge в гомеле","3","2","0.0","8.666666666666666","00:06:43"
"Переходы из поисковых систем","Яндекс","Яндекс","купить форму волейбольную женскую в минске","3","1","0.0","2.3333333333333335","00:00:37"
"Переходы из поисковых систем","Яндекс","Яндекс","с тгт бай","3","3","0.0","9.333333333333334","00:16:25"
"Переходы из поисковых систем","Яндекс","Яндекс","таблица размеров fn","3","1","0.0","1.0","00:00:16"
"Переходы из поисковых систем","Яндекс","Яндекс","фн спортивные товары тгт","3","1","0.33333333333333326","6.333333333333333","00:01:58"
"Переходы из поисковых систем","Яндекс","Яндекс","экипировочный центр минск дзержинского келми fn","3","1","0.0","1.6666666666666667","00:00:26"
"Переходы по ссылкам на сайтах","crm.amigo.by","Не определено","Не определено","2","1","0.0","2.5","00:00:25"
"Переходы по ссылкам на сайтах","cropas.amocrm.ru","Не определено","Не определено","2","1","0.0","1.0","00:00:15"
"Переходы по ссылкам на сайтах","docviewer.yandex.by","Не определено","Не определено","2","2","0.0","6.5","00:03:37"
"Переходы по ссылкам на сайтах","jira.mara.local","Не определено","Не определено","2","1","0.0","1.0","00:00:16"
"Переходы по ссылкам на сайтах","mkt.bitrix24.by","Не определено","Не определено","2","1","0.0","42.5","00:59:02"
"Переходы по ссылкам на сайтах","petalsearch.com","Не определено","Не определено","2","2","0.0","1.0","00:00:15"
"Переходы по ссылкам на сайтах","sport-tgt.by","Не определено","Не определено","2","2","0.0","5.5","00:04:44"
"Переходы из поисковых систем","DuckDuckGo","DuckDuckGo","Не определено","2","2","0.5","1.0","00:00:09"
"Переходы из поисковых систем","Яндекс","Яндекс","+375257977777","2","1","0.5","1.0","00:00:07"
"Переходы из поисковых систем","Яндекс","Яндекс","6107bb2002.000","2","1","0.5","1.0","00:00:09"
"Переходы из поисковых систем","Яндекс","Яндекс","6325tx2042-n00","2","1","0.0","2.0","00:09:11"
"Переходы из поисковых систем","Яндекс","Яндекс","8333yx5172-000","2","2","0.5","1.0","00:00:08"
"Переходы из поисковых систем","Яндекс","Яндекс","8451tx1178","2","1","0.5","1.5","00:00:50"
"Переходы из поисковых систем","Яндекс","Яндекс","9325lt1124-243","2","2","0.5","1.5","00:00:30"
"Переходы из поисковых систем","Яндекс","Яндекс","fn beast / fn5081001-000","2","1","0.0","1.0","00:00:15"
"Переходы из поисковых систем","Яндекс","Яндекс","fn футбольная форма","2","1","0.0","6.0","00:06:20"
"Переходы из поисковых систем","Яндекс","Яндекс","info@s-tgt.by","2","2","0.0","1.5","00:00:27"
"Переходы из поисковых систем","Яндекс","Яндекс","kfn4201001-000","2","1","0.0","16.0","00:06:11"
"Переходы из поисковых систем","Яндекс","Яндекс","s tg.by","2","1","0.0","7.0","00:04:58"
"Переходы из поисковых систем","Яндекс","Яндекс","s-tgt,by","2","1","0.0","2.0","00:00:16"
"Переходы из поисковых систем","Яндекс","Яндекс","stgt","2","2","0.0","3.0","00:00:29"
"Переходы из поисковых систем","Яндекс","Яндекс","stgt. by","2","2","0.0","3.5","00:01:17"
"Переходы из поисковых систем","Яндекс","Яндекс","tgt sport","2","2","0.0","1.5","00:01:51"
"Переходы из поисковых систем","Яндекс","Яндекс","баскетбольная форма kelme double-sided basketball uniform баскетбольная форма kelme double-sided basketball uniform баскетбольная форма kelme double-sided basketball uniform","2","1","0.0","11.0","00:08:26"
"Переходы из поисковых систем","Яндекс","Яндекс","баскетбольные кроссовки минск","2","2","0.0","2.5","00:00:37"
"Переходы из поисковых систем","Яндекс","Яндекс","бутсы футбольные купить в минске","2","2","0.0","1.0","00:00:18"
"Переходы из поисковых систем","Яндекс","Яндекс","ветровка surf купить в минске","2","1","1.0","1.0","00:00:00"
"Переходы из поисковых систем","Яндекс","Яндекс","вратарские перчатки купить в минске","2","2","0.5","1.0","00:00:07"
"Переходы из поисковых систем","Яндекс","Яндекс","вратарский лонгслив","2","1","0.0","1.5","00:01:16"
"Переходы из поисковых систем","Яндекс","Яндекс","закрытое акционерное общество ""тгт""","2","2","0.5","1.0","00:00:14"
"Переходы из поисковых систем","Яндекс","Яндекс","зао ""тгт"", г. минск, пр-т дзержинского, д. 90, пом. 427 дополнительная информа","2","1","1.0","1.0","00:00:00"
"Переходы из поисковых систем","Яндекс","Яндекс","кельме размерная сетка обуви","2","2","0.5","1.0","00:00:07"
"Переходы из поисковых систем","Яндекс","Яндекс","кроссовки для бадминтона купить","2","2","0.0","1.0","00:00:15"
"Переходы из поисковых систем","Яндекс","Яндекс","купить борцовки в минске","2","2","0.5","1.0","00:00:08"
"Переходы из поисковых систем","Яндекс","Яндекс","купить бутсы минск","2","2","0.0","1.5","00:01:32"
"Переходы из поисковых систем","Яндекс","Яндекс","купить ветровку мужскую в беларуси","2","2","0.5","1.0","00:00:07"
"Переходы из поисковых систем","Яндекс","Яндекс","купить гандбольные кроссовки минск","2","2","1.0","1.0","00:00:00"
"Переходы из поисковых систем","Яндекс","Яндекс","купить джоггеры мужские","2","2","1.0","1.0","00:00:00"
"Переходы из поисковых систем","Яндекс","Яндекс","купить джоггеры мужские в минске","2","2","1.0","1.0","00:00:00"
"Переходы из поисковых систем","Яндекс","Яндекс","купить длинный спортивный пуховик","2","1","0.0","2.0","00:00:41"
"Переходы из поисковых систем","Яндекс","Яндекс","купить легкоатлетическая форма для бега","2","1","0.0","3.0","00:10:31"
"Переходы из поисковых систем","Яндекс","Яндекс","купить легкоатлетическую форму","2","1","0.0","7.5","00:08:11"
"Переходы из поисковых систем","Яндекс","Яндекс","купить олимпийку мужскую","2","2","0.0","1.5","00:00:50"
"Переходы из поисковых систем","Яндекс","Яндекс","купить футбольный кожаный мяч в минске","2","1","0.5","5.5","00:02:15"
"Переходы из поисковых систем","Яндекс","Яндекс","купить футзалки минске","2","1","0.0","8.0","00:22:44"
"Переходы из поисковых систем","Яндекс","Яндекс","нанесение номеров на спортивную форму","2","2","0.0","3.5","00:00:43"
"Переходы из поисковых систем","Яндекс","Яндекс","напечатать фамилию на футбольной форме","2","1","0.5","3.5","00:00:41"
"Переходы из поисковых систем","Яндекс","Яндекс","ооо тгт контакты","2","1","0.0","1.0","00:01:19"
"Переходы из поисковых систем","Яндекс","Яндекс","полуботинки (кроссовки) turf ground (tf) арт. fn5061003-000 купить","2","1","1.0","1.0","00:00:00"
"Переходы из поисковых систем","Яндекс","Яндекс","размер шапки fn","2","1","0.5","1.5","00:00:08"
"Переходы из поисковых систем","Яндекс","Яндекс","с-тгт","2","1","0.0","3.0","00:05:55"
"Переходы из поисковых систем","Яндекс","Яндекс","сайт t- спортивной одежды","2","1","0.0","15.5","00:11:00"
"Переходы из поисковых систем","Яндекс","Яндекс","спортивная форма fn в рб","2","1","0.0","3.0","00:01:32"
"Переходы из поисковых систем","Яндекс","Яндекс","спортивная форма для легкой атлетики","2","1","0.0","2.5","00:01:05"
"Переходы из поисковых систем","Яндекс","Яндекс","спортивные товары в рб","2","1","0.5","1.5","00:00:15"
"Переходы из поисковых систем","Яндекс","Яндекс","тгт зао","2","2","0.5","2.5","00:00:42"
"Переходы из поисковых систем","Яндекс","Яндекс","форма легкоатлетическая (для девочек) купить","2","1","0.0","3.0","00:00:19"
"Переходы из поисковых систем","Яндекс","Яндекс","футбольная форма для мальчиков","2","2","0.0","1.5","00:00:30"
"Переходы из поисковых систем","Яндекс","Яндекс","футбольная форма для мальчиков с нанесением фамилии и номера купить в минске","2","1","0.0","2.5","00:01:01"
"Переходы из поисковых систем","Яндекс","Яндекс","футбольная форма с фамилией и номером","2","1","0.5","11.5","00:05:36"
"Переходы из поисковых систем","Яндекс","Яндекс","футбольные магазины в минске","2","2","0.0","5.5","00:01:33"
"Переходы из поисковых систем","Яндекс","Яндекс","футзалки купить в минске недорого","2","2","0.0","1.0","00:00:26"
"Переходы из поисковых систем","Яндекс","Яндекс","шиповки для легкой атлетики купить","2","2","0.0","1.5","00:01:15"
"Переходы из поисковых систем","Яндекс","Яндекс","шорты вратарские футбольные kelme goalkeeper","2","1","0.5","1.5","00:00:23"
"Переходы из поисковых систем","Yahoo!","Yahoo!","Не определено","2","2","0.0","1.0","00:00:14"
"Переходы по ссылкам на сайтах","Не определено","Не определено","Не определено","1","1","1.0","1.0","00:00:00"
"Переходы по ссылкам на сайтах","app.sms.by","Не определено","Не определено","1","1","0.0","4.0","00:38:34"
"Переходы по ссылкам на сайтах","chatgpt.com","Не определено","Не определено","1","1","0.0","3.0","00:03:05"
"Переходы по ссылкам на сайтах","docs.google.com","Не определено","Не определено","1","1","0.0","2.0","00:00:47"
"Переходы по ссылкам на сайтах","googleadservices.com","Не определено","Не определено","1","1","0.0","1.0","00:00:12"
"Переходы по ссылкам на сайтах","mail.torpedo-belaz.by","Не определено","Не определено","1","1","1.0","1.0","00:00:00"
"Переходы по ссылкам на сайтах","search-dra.dt.dbankcloud.com","Не определено","Не определено","1","1","1.0","1.0","00:00:00"
"Переходы по ссылкам на сайтах","syndicatedsearch.goog","Не определено","Не определено","1","1","0.0","3.0","00:00:34"
"Переходы из поисковых систем","Ecosia","Ecosia","Не определено","1","1","0.0","1.0","00:00:16"
"Переходы из поисковых систем","Яндекс","Яндекс","$-tgt минск","1","1","0.0","1.0","00:00:27"
"Переходы из поисковых систем","Яндекс","Яндекс","+375173360577","1","1","0.0","1.0","00:00:17"
"Переходы из поисковых систем","Яндекс","Яндекс","12345 детский пуховик kelme children's long cotton clothes","1","1","1.0","1.0","00:00:00"
"Переходы из поисковых систем","Яндекс","Яндекс","1wt3075-416 артикул","1","1","0.0","1.0","00:00:19"
"Переходы из поисковых систем","Яндекс","Яндекс","3592056-405","1","1","0.0","1.0","00:00:27"
"Переходы из поисковых систем","Яндекс","Яндекс","3682006.100","1","1","1.0","1.0","00:00:00"
"Переходы из поисковых систем","Яндекс","Яндекс","36932012","1","1","1.0","1.0","00:00:00"
"Переходы из поисковых систем","Яндекс","Яндекс","3801098-400 kelme","1","1","0.0","1.0","00:00:15"
"Переходы из поисковых систем","Яндекс","Яндекс","3801241-416","1","1","0.0","1.0","00:00:20"
"Переходы из поисковых систем","Яндекс","Яндекс","3871301-918","1","1","1.0","1.0","00:00:00"
"Переходы из поисковых систем","Яндекс","Яндекс","3883018-103","1","1","0.0","1.0","00:00:15"
"Переходы из поисковых систем","Яндекс","Яндекс","3891373","1","1","0.0","3.0","00:00:24"
"Переходы из поисковых систем","Яндекс","Яндекс","5223yx5088-100","1","1","0.0","1.0","00:00:15"
"Переходы из поисковых систем","Яндекс","Яндекс","5321wt3022-m03","1","1","0.0","10.0","00:18:04"
"Переходы из поисковых систем","Яндекс","Яндекс","5323wt4013-b52","1","1","1.0","1.0","00:00:00"
"Переходы из поисковых систем","Яндекс","Яндекс","6107bb5001.000","1","1","1.0","1.0","00:00:00"
"Переходы из поисковых систем","Яндекс","Яндекс","6213tl1001","1","1","1.0","1.0","00:00:00"
"Переходы из поисковых систем","Яндекс","Яндекс","6227tx2017-469","1","1","1.0","1.0","00:00:00"
"Переходы из поисковых систем","Яндекс","Яндекс","6247wt1021","1","1","0.0","1.0","00:00:17"
"Переходы из поисковых систем","Яндекс","Яндекс","6313ck1015-b00","1","1","1.0","1.0","00:00:00"
"Переходы из поисковых систем","Яндекс","Яндекс","6315xx1196-715","1","1","1.0","1.0","00:00:00"
"Переходы из поисковых систем","Яндекс","Яндекс","6323tl2004","1","1","1.0","1.0","00:00:00"
"Переходы из поисковых систем","Яндекс","Яндекс","6323yx1175","1","1","1.0","1.0","00:00:00"
"Переходы из поисковых систем","Яндекс","Яндекс","6327wt2012-b50","1","1","1.0","1.0","00:00:00"
"Переходы из поисковых систем","Яндекс","Яндекс","6333pl1001-n08","1","1","0.0","2.0","00:01:37"
"Переходы из поисковых систем","Яндекс","Яндекс","6333tx1006","1","1","1.0","1.0","00:00:00"
"Переходы из поисковых систем","Яндекс","Яндекс","6333wt1036-n08","1","1","0.0","2.0","00:07:40"
"Переходы из поисковых систем","Яндекс","Яндекс","6343yx1330-000","1","1","1.0","1.0","00:00:00"
"Переходы из поисковых систем","Яндекс","Яндекс","6344yr1036-b00 xl","1","1","0.0","1.0","00:00:17"
"Переходы из поисковых систем","Яндекс","Яндекс","6347mj1009-b00","1","1","1.0","1.0","00:00:00"
"Переходы из поисковых систем","Яндекс","Яндекс","6347tx2002","1","1","0.0","1.0","00:00:15"
"Переходы из поисковых систем","Яндекс","Яндекс","6347wt1035-d00","1","1","1.0","1.0","00:00:00"
"Переходы из поисковых систем","Яндекс","Яндекс","6347wt1040-b00","1","1","1.0","1.0","00:00:00"
"Переходы из поисковых систем","Яндекс","Яндекс","6414wt1022-b00","1","1","1.0","1.0","00:00:00"
"Переходы из поисковых систем","Яндекс","Яндекс","6417ck1011","1","1","1.0","1.0","00:00:00"
"Переходы из поисковых систем","Яндекс","Яндекс","6417tt2005-b51","1","1","1.0","1.0","00:00:00"
"Переходы из поисковых систем","Яндекс","Яндекс","66911227-000","1","1","1.0","1.0","00:00:08"
"Переходы из поисковых систем","Яндекс","Яндекс","66911227-000 kelme","1","1","0.0","1.0","00:00:15"
"Переходы из поисковых систем","Яндекс","Яндекс","7351tx1091-416","1","1","1.0","1.0","00:00:00"
"Переходы из поисковых систем","Яндекс","Яндекс","7351tx1091.416","1","1","1.0","1.0","00:00:00"
"Переходы из поисковых систем","Яндекс","Яндекс","7351tx3093-139","1","1","0.0","2.0","00:28:07"
"Переходы из поисковых систем","Яндекс","Яндекс","7351zb1129.104","1","1","0.0","1.0","00:00:22"
"Переходы из поисковых систем","Яндекс","Яндекс","7361wt1101-416","1","1","0.0","1.0","00:00:17"
"Переходы из поисковых систем","Яндекс","Яндекс","7361wt1101.416","1","1","0.0","2.0","00:04:45"
"Переходы из поисковых систем","Яндекс","Яндекс","7401wz5184","1","1","0.0","4.0","00:00:21"
"Переходы из поисковых систем","Яндекс","Яндекс","8061tt1007","1","1","0.0","1.0","00:00:18"
"Переходы из поисковых систем","Яндекс","Яндекс","8061tt1007.600","1","1","1.0","1.0","00:00:00"
"Переходы из поисковых систем","Яндекс","Яндекс","8061wt1005-365","1","1","0.0","1.0","00:01:05"
"Переходы из поисковых систем","Яндекс","Яндекс","8101bb5011-000-uni","1","1","1.0","1.0","00:00:00"
"Переходы из поисковых систем","Яндекс","Яндекс","8151tx3002-405","1","1","0.0","1.0","00:00:16"
"Переходы из поисковых систем","Яндекс","Яндекс","8151zb1004-240","1","1","1.0","1.0","00:00:00"
"Переходы из поисковых систем","Яндекс","Яндекс","8161tt1004-416 kelme","1","1","1.0","1.0","00:00:00"
"Переходы из поисковых систем","Яндекс","Яндекс","8161wt1006","1","1","1.0","1.0","00:00:00"
"Переходы из поисковых систем","Яндекс","Яндекс","8161yr1003-600","1","1","1.0","1.0","00:00:00"
"Переходы из поисковых систем","Яндекс","Яндекс","8201mz5012-401","1","1","1.0","1.0","00:00:00"
"Переходы из поисковых систем","Яндекс","Яндекс","8251tx1006","1","1","0.0","1.0","00:00:14"
"Переходы из поисковых систем","Яндекс","Яндекс","8261tz2026-112","1","1","0.0","2.0","00:03:45"
"Переходы из поисковых систем","Яндекс","Яндекс","8261wj5005.000","1","1","1.0","1.0","00:00:00"
"Переходы из поисковых систем","Яндекс","Яндекс","8301bb5041","1","1","0.0","2.0","00:01:54"
"Переходы из поисковых систем","Яндекс","Яндекс","8301qu5074-113","1","1","1.0","1.0","00:00:00"
"Переходы из поисковых систем","Яндекс","Яндекс","8312zx1268 kelme china","1","1","0.0","3.0","00:15:45"
"Переходы из поисковых систем","Яндекс","Яндекс","8322zx1126-267 кельме","1","1","1.0","1.0","00:00:00"
"Переходы из поисковых систем","Яндекс","Яндекс","8333yx5172 kelme","1","1","1.0","1.0","00:00:00"
"Переходы из поисковых систем","Яндекс","Яндекс","8333yx5172 men's /women's sports shoes","1","1","1.0","1.0","00:00:00"
"Переходы из поисковых систем","Яндекс","Яндекс","8333yx5172-061","1","1","1.0","1.0","00:00:00"
"Переходы из поисковых систем","Яндекс","Яндекс","8351tl1024-000","1","1","0.0","1.0","00:00:17"
"Переходы из поисковых систем","Яндекс","Яндекс","8351tx1131-416","1","1","1.0","1.0","00:00:00"
"Переходы из поисковых систем","Яндекс","Яндекс","8351zb1143-416","1","1","0.0","1.0","00:00:18"
"Переходы из поисковых систем","Яндекс","Яндекс","8351zb1196-609","1","1","1.0","1.0","00:00:00"
"Переходы из поисковых систем","Яндекс","Яндекс","8351zb3196-300","1","1","1.0","1.0","00:00:00"
"Переходы из поисковых систем","Яндекс","Яндекс","8352lb1029-100","1","1","1.0","1.0","00:00:12"
"Переходы из поисковых систем","Яндекс","Яндекс","8361tt1018-481","1","1","1.0","1.0","00:00:00"
"Переходы из поисковых систем","Яндекс","Яндекс","8361tt1018.481","1","1","0.0","1.0","00:00:16"
"Переходы из поисковых систем","Яндекс","Яндекс","8361wt3062-416","1","1","0.0","1.0","00:00:15"
"Переходы из поисковых систем","Яндекс","Яндекс","8363wt1058-000","1","1","1.0","1.0","00:00:00"
"Переходы из поисковых систем","Яндекс","Яндекс","8363wt1070","1","1","1.0","1.0","00:00:00"
"Переходы из поисковых систем","Яндекс","Яндекс","8401wl5074","1","1","1.0","1.0","00:00:00"
"Переходы из поисковых систем","Яндекс","Яндекс","8422zx1618","1","1","1.0","1.0","00:00:00"
"Переходы из поисковых систем","Яндекс","Яндекс","8451bx1024-401","1","1","1.0","1.0","00:00:00"
"Переходы из поисковых систем","Яндекс","Яндекс","8451tx1179","1","1","1.0","1.0","00:00:00"
"Переходы из поисковых систем","Яндекс","Яндекс","8451zb1247 цвет 405","1","1","0.0","1.0","00:00:22"
"Переходы из поисковых систем","Яндекс","Яндекс","8451zb1250","1","1","0.0","2.0","00:00:48"
"Переходы из поисковых систем","Яндекс","Яндекс","8451zb1250-000","1","1","0.0","3.0","00:01:53"
"Переходы из поисковых систем","Яндекс","Яндекс","8451zb1250.100","1","1","0.0","6.0","00:21:53"
"Переходы из поисковых систем","Яндекс","Яндекс","8451zb1253 - 401 кельме","1","1","0.0","2.0","00:02:40"
"Переходы из поисковых систем","Яндекс","Яндекс","8451zb1583 joma","1","1","1.0","1.0","00:00:00"
"Переходы из поисковых систем","Яндекс","Яндекс","8461ck1103.000","1","1","0.0","1.0","00:00:15"
"Переходы из поисковых систем","Яндекс","Яндекс","8461tt1044","1","1","1.0","1.0","00:00:00"
"Переходы из поисковых систем","Яндекс","Яндекс","8461wt1094","1","1","0.0","6.0","00:07:02"
"Переходы из поисковых систем","Яндекс","Яндекс","8461wt1131.000 kelme","1","1","0.0","1.0","00:00:14"
"Переходы из поисковых систем","Яндекс","Яндекс","9218tl2009","1","1","0.0","1.0","00:00:18"
"Переходы из поисковых систем","Яндекс","Яндекс","9347mj1014-y00","1","1","0.0","1.0","00:00:16"
"Переходы из поисковых систем","Яндекс","Яндекс","9876004-010","1","1","0.0","2.0","00:03:23"
"Переходы из поисковых систем","Яндекс","Яндекс","9893020-416 купить","1","1","1.0","1.0","00:00:00"
"Переходы из поисковых систем","Яндекс","Яндекс","belarus pink sneakers","1","1","0.0","5.0","00:00:55"
"Переходы из поисковых систем","Яндекс","Яндекс","cjsc tgt republic of belarus 220083","1","1","0.0","1.0","00:00:15"
"Переходы из поисковых систем","Яндекс","Яндекс","closed joint stock company ""tgt"" беларусь","1","1","0.0","4.0","00:05:21"
"Переходы из поисковых систем","Яндекс","Яндекс","eagle fn шиповки","1","1","1.0","1.0","00:00:00"
"Переходы из поисковых систем","Яндекс","Яндекс","edge fn кроссовки","1","1","1.0","1.0","00:00:00"
"Переходы из поисковых систем","Яндекс","Яндекс","fanhalou","1","1","1.0","1.0","00:00:00"
"Переходы из поисковых систем","Яндекс","Яндекс","fd kelme минск","1","1","0.0","3.0","00:00:31"
"Переходы из поисковых систем","Яндекс","Яндекс","fn edge black кроссовки","1","1","1.0","1.0","00:00:00"
"Переходы из поисковых систем","Яндекс","Яндекс","fn edge что за фирма","1","1","0.0","1.0","00:00:15"
"Переходы из поисковых систем","Яндекс","Яндекс","fn padding jacket kid dark blue","1","1","1.0","1.0","00:00:00"
"Переходы из поисковых систем","Яндекс","Яндекс","fn padding kid jacket dark blue","1","1","0.0","1.0","00:00:16"
"Переходы из поисковых систем","Яндекс","Яндекс","fn sea black","1","1","0.0","2.0","00:08:01"
"Переходы из поисковых систем","Яндекс","Яндекс","fn shadow in","1","1","1.0","1.0","00:00:00"
"Переходы из поисковых систем","Яндекс","Яндекс","fn star in купить","1","1","0.0","3.0","00:00:39"
"Переходы из поисковых систем","Яндекс","Яндекс","fn warm","1","1","0.0","13.0","00:22:21"
"Переходы из поисковых систем","Яндекс","Яндекс","fn поло купить","1","1","1.0","1.0","00:00:00"
"Переходы из поисковых систем","Яндекс","Яндекс","fn футзалки","1","1","0.0","1.0","00:00:16"
"Переходы из поисковых систем","Яндекс","Яндекс","fn4251003-424","1","1","0.0","4.0","00:28:41"
"Переходы из поисковых систем","Яндекс","Яндекс","fn5021001-000 кроссовки regbnm d vby7crt","1","1","0.0","1.0","00:00:31"
"Переходы из поисковых систем","Яндекс","Яндекс","fn8021001","1","1","0.0","1.0","00:00:15"
"Переходы из поисковых систем","Яндекс","Яндекс","fn8021001-609","1","1","0.0","5.0","00:00:36"
"Переходы из поисковых систем","Яндекс","Яндекс","fnsport.by","1","1","1.0","1.0","00:00:00"
"Переходы из поисковых систем","Яндекс","Яндекс","gwv601419091sala6.5 hummel футзалки","1","1","0.0","1.0","00:00:20"
"Переходы из поисковых систем","Яндекс","Яндекс","https://s-tgt.com/","1","1","0.0","30.0","00:43:22"
"Переходы из поисковых систем","Яндекс","Яндекс","info@tgt.by","1","1","1.0","1.0","00:00:00"
"Переходы из поисковых систем","Яндекс","Яндекс","joint stock company tgt","1","1","0.0","1.0","00:00:15"
"Переходы из поисковых систем","Яндекс","Яндекс","k089-012","1","1","0.0","2.0","00:05:27"
"Переходы из поисковых систем","Яндекс","Яндекс","k16xlqc001.000","1","1","0.0","2.0","00:20:24"
"Переходы из поисковых систем","Яндекс","Яндекс","k16xlqc017-1","1","1","0.0","1.0","00:00:15"
"Переходы из поисковых систем","Яндекс","Яндекс","kelme &delete","1","1","0.0","1.0","00:00:18"
"Переходы из поисковых систем","Яндекс","Яндекс","kelme 0151zb3017","1","1","1.0","1.0","00:00:00"
"Переходы из поисковых систем","Яндекс","Яндекс","kelme 36922028","1","1","1.0","1.0","00:00:00"
"Переходы из поисковых систем","Яндекс","Яндекс","kelme 3881106.000","1","1","0.0","1.0","00:00:15"
"Переходы из поисковых систем","Яндекс","Яндекс","kelme 6871104","1","1","1.0","1.0","00:00:00"
"Переходы из поисковых систем","Яндекс","Яндекс","kelme 7351zb3130-104","1","1","0.0","2.0","00:18:24"
"Переходы из поисковых систем","Яндекс","Яндекс","kelme 8151zb1002-310 форма","1","1","1.0","1.0","00:00:00"
"Переходы из поисковых систем","Яндекс","Яндекс","kelme 8263yr1011","1","1","0.0","1.0","00:00:22"
"Переходы из поисковых систем","Яндекс","Яндекс","kelme 8301qu5083-107","1","1","0.0","2.0","00:00:29"
"Переходы из поисковых систем","Яндекс","Яндекс","kelme 8333yx5172","1","1","1.0","1.0","00:00:00"
"Переходы из поисковых систем","Яндекс","Яндекс","kelme 8353pl2070-044","1","1","0.0","2.0","00:00:02"
"Переходы из поисковых систем","Яндекс","Яндекс","kelme 8451zb1253.401","1","1","0.0","1.0","00:00:16"
"Переходы из поисковых систем","Яндекс","Яндекс","kelme 8461cf1006","1","1","0.0","3.0","00:00:03"
"Переходы из поисковых систем","Яндекс","Яндекс","kelme 8463wt2097","1","1","0.0","2.0","00:00:01"
"Переходы из поисковых систем","Яндекс","Яндекс","kelme 871701","1","1","0.0","1.0","00:00:26"
"Переходы из поисковых систем","Яндекс","Яндекс","kelme 9412zx1252","1","1","0.0","1.0","00:00:28"
"Переходы из поисковых систем","Яндекс","Яндекс","kelme 9421zx3226-123","1","1","1.0","1.0","00:00:00"
"Переходы из поисковых систем","Яндекс","Яндекс","kelme children's raincoat","1","1","0.0","1.0","00:00:10"
"Переходы из поисковых систем","Яндекс","Яндекс","kelme ck60352003","1","1","0.0","6.0","00:14:30"
"Переходы из поисковых систем","Яндекс","Яндекс","kelme cuidado 3891236.416","1","1","1.0","1.0","00:00:00"
"Переходы из поисковых систем","Яндекс","Яндекс","kelme futsal spirit size 62","1","1","0.0","3.0","00:00:40"
"Переходы из поисковых систем","Яндекс","Яндекс","kelme goleiro купить","1","1","0.0","3.0","00:00:32"
"Переходы из поисковых систем","Яндекс","Яндекс","kelme kanga sr fg/ag 8422zx1618-162","1","1","1.0","1.0","00:00:00"
"Переходы из поисковых систем","Яндекс","Яндекс","kelme kwc161027","1","1","0.0","1.0","00:00:19"
"Переходы из поисковых систем","Яндекс","Яндекс","kelme light down jacket","1","1","0.0","2.0","00:00:26"
"Переходы из поисковых систем","Яндекс","Яндекс","kelme long down jacket серебро","1","1","0.0","6.0","00:00:56"
"Переходы из поисковых систем","Яндекс","Яндекс","kelme long sleeve t-shirt red описание","1","1","0.0","1.0","00:00:15"
"Переходы из поисковых систем","Яндекс","Яндекс","kelme male sitting model black","1","1","1.0","1.0","00:00:00"
"Переходы из поисковых систем","Яндекс","Яндекс","kelme men's hooded jacket 8261wt1018-000","1","1","1.0","1.0","00:00:00"
"Переходы из поисковых систем","Яндекс","Яндекс","kelme men's hooded knitted jacket suit","1","1","1.0","1.0","00:00:02"
"Переходы из поисковых систем","Яндекс","Яндекс","kelme men's retro shoes","1","1","0.0","1.0","00:00:15"
"Переходы из поисковых систем","Яндекс","Яндекс","kelme men's sports shoes цвет: синий артикул: 6681104-408 купить","1","1","0.0","3.0","00:00:41"
"Переходы из поисковых систем","Яндекс","Яндекс","kelme men's training shoes","1","1","1.0","1.0","00:00:00"
"Переходы из поисковых систем","Яндекс","Яндекс","kelme north 9886404.015","1","1","1.0","1.0","00:00:00"
"Переходы из поисковых систем","Яндекс","Яндекс","kelme skin suit","1","1","0.0","2.0","00:00:08"
"Переходы из поисковых систем","Яндекс","Яндекс","kelme sports shoes, артикул yx80125042-003","1","1","1.0","1.0","00:00:00"
"Переходы из поисковых систем","Яндекс","Яндекс","kelme tackling shorts салатовый купить","1","1","1.0","1.0","00:00:00"
"Переходы из поисковых систем","Яндекс","Яндекс","kelme training jacket kid, артикул 3873300-012","1","1","0.0","9.0","00:00:49"
"Переходы из поисковых систем","Яндекс","Яндекс","kelme triton","1","1","1.0","1.0","00:00:00"
"Переходы из поисковых систем","Яндекс","Яндекс","kelme trueno sala","1","1","1.0","1.0","00:00:00"
"Переходы из поисковых систем","Яндекс","Яндекс","kelme union 7351zb3130.112","1","1","0.0","2.0","00:00:14"
"Переходы из поисковых систем","Яндекс","Яндекс","kelme vortex 18+ fifa pro","1","1","1.0","1.0","00:00:00"
"Переходы из поисковых систем","Яндекс","Яндекс","kelme yosemitsu","1","1","1.0","1.0","00:00:00"
"Переходы из поисковых систем","Яндекс","Яндекс","kelme брюки barro ck60352004.703","1","1","0.0","3.0","00:05:45"
"Переходы из поисковых систем","Яндекс","Яндекс","kelme брюки basar ck60352003.401","1","1","0.0","2.0","00:11:31"
"Переходы из поисковых систем","Яндекс","Яндекс","kelme ветровка оранжевая размер 140, купить","1","1","1.0","1.0","00:00:00"
"Переходы из поисковых систем","Яндекс","Яндекс","kelme кроссовки 6335xx1354-162","1","1","1.0","1.0","00:00:00"
"Переходы из поисковых систем","Яндекс","Яндекс","kelme куртка lacha wt60371014.403","1","1","1.0","1.0","00:00:00"
"Переходы из поисковых систем","Яндекс","Яндекс","kelme поло fonelas 7451pl1131.000 (2023 текстиль (kelme) ) (04-m)","1","1","0.0","1.0","00:00:15"
"Переходы из поисковых систем","Яндекс","Яндекс","kelme размерная сетка костюмы детские","1","1","0.0","1.0","00:00:18"
"Переходы из поисковых систем","Яндекс","Яндекс","kelme сумка купить","1","1","1.0","1.0","00:00:00"
"Переходы из поисковых систем","Яндекс","Яндекс","kelme толстовка 8261wt1018.600","1","1","1.0","1.0","00:00:00"
"Переходы из поисковых систем","Яндекс","Яндекс","kelme толстовка costas 8061wt1009/8061wt3002.201 взр свск","1","1","1.0","1.0","00:00:00"
"Переходы из поисковых систем","Яндекс","Яндекс","kelme толстовка stron 3682006.000","1","1","0.0","1.0","00:00:15"
"Переходы из поисковых систем","Яндекс","Яндекс","kelme толстовка vedro 36832007.636","1","1","0.0","1.0","00:00:16"
"Переходы из поисковых систем","Яндекс","Яндекс","kelme футболка noly 6426tx1014.5003","1","1","0.0","2.0","00:00:51"
"Переходы из поисковых систем","Яндекс","Яндекс","kelme футболка odena 8451zb1252.100","1","1","1.0","1.0","00:00:00"
"Переходы из поисковых систем","Яндекс","Яндекс","kelme футзалки купить в минске","1","1","0.0","2.0","00:00:20"
"Переходы из поисковых систем","Яндекс","Яндекс","kelme_teamwear_catalogue 2025","1","1","0.0","3.0","00:00:33"
"Переходы из поисковых систем","Яндекс","Яндекс","kfn4091001-100","1","1","1.0","1.0","00:00:07"
"Переходы из поисковых систем","Яндекс","Яндекс","m54 форма","1","1","1.0","1.0","00:00:00"
"Переходы из поисковых систем","Яндекс","Яндекс","new dynamic team брюки","1","1","0.0","1.0","00:00:15"
"Переходы из поисковых систем","Яндекс","Яндекс","qu5083 107 kelme","1","1","1.0","1.0","00:00:00"
"Переходы из поисковых систем","Яндекс","Яндекс","s tgt. by","1","1","0.0","3.0","00:00:17"
"Переходы из поисковых систем","Яндекс","Яндекс","s – на рост 120-140 см м – на рост 140-160 см l – на рост 160-180 см щитки футбольные kelme сколько это в сантиметрах","1","1","0.0","1.0","00:00:14"
"Переходы из поисковых систем","Яндекс","Яндекс","s-tgt.bay","1","1","0.0","7.0","00:01:22"
"Переходы из поисковых систем","Яндекс","Яндекс","s-tgt.ru","1","1","0.0","7.0","00:04:36"
"Переходы из поисковых систем","Яндекс","Яндекс","s-tgt/by","1","1","0.0","2.0","00:00:36"
"Переходы из поисковых систем","Яндекс","Яндекс","s.tgt бай","1","1","0.0","8.0","00:01:16"
"Переходы из поисковых систем","Яндекс","Яндекс","sport-tgt","1","1","0.0","4.0","00:01:07"
"Переходы из поисковых систем","Яндекс","Яндекс","sport-tgt» («спорт-триджитек»)","1","1","0.0","1.0","00:00:18"
"Переходы из поисковых систем","Яндекс","Яндекс","tgt -sport","1","1","0.0","5.0","00:01:18"
"Переходы из поисковых систем","Яндекс","Яндекс","tgt одежда спортивная","1","1","0.0","13.0","00:36:37"
"Переходы из поисковых систем","Яндекс","Яндекс","tgt телефоны компании","1","1","0.0","1.0","00:00:18"
"Переходы из поисковых систем","Яндекс","Яндекс","tgt.by минск форма","1","1","0.0","2.0","00:02:26"
"Переходы из поисковых систем","Яндекс","Яндекс","tgt.by одежда","1","1","0.0","4.0","00:01:32"
"Переходы из поисковых систем","Яндекс","Яндекс","us 9 размер обуви на русский мужской kelme","1","1","0.0","1.0","00:00:15"
"Переходы из поисковых систем","Яндекс","Яндекс","woven two-piece set (with inner grain)","1","1","0.0","1.0","00:00:19"
"Переходы из поисковых систем","Яндекс","Яндекс","{""text"":""спортивный магазин"",""what"":[{""attr_name"":""category_id"",""attr_values"":[""184107345""]}]}","1","1","0.0","4.0","00:00:37"
"Переходы из поисковых систем","Яндекс","Яндекс","анорак для бега мужской","1","1","0.0","1.0","00:00:15"
"Переходы из поисковых систем","Яндекс","Яндекс","анорак келме 8161wt1007","1","1","0.0","1.0","00:00:24"
"Переходы из поисковых систем","Яндекс","Яндекс","артикул 8051pl1001-600 цена","1","1","1.0","1.0","00:00:00"
"Переходы из поисковых систем","Яндекс","Яндекс","бампы fn","1","1","0.0","1.0","00:00:16"
"Переходы из поисковых систем","Яндекс","Яндекс","бампы fn оранжевые","1","1","1.0","1.0","00:00:00"
"Переходы из поисковых систем","Яндекс","Яндекс","бампы для футбола купить","1","1","0.0","7.0","00:04:18"
"Переходы из поисковых систем","Яндекс","Яндекс","бампы купить в минске","1","1","0.0","1.0","00:00:16"
"Переходы из поисковых систем","Яндекс","Яндекс","бандана мужская купить в минске","1","1","1.0","1.0","00:00:00"
"Переходы из поисковых систем","Яндекс","Яндекс","барьер 35 см sport folding barriers","1","1","0.0","11.0","00:01:59"
"Переходы из поисковых систем","Яндекс","Яндекс","барьер тренировочный 25*40","1","1","0.0","7.0","00:00:55"
"Переходы из поисковых систем","Яндекс","Яндекс","барьер тренировочный 74 на 70","1","1","0.0","1.0","00:00:15"
"Переходы из поисковых систем","Яндекс","Яндекс","барьеры регулируемые","1","1","0.0","1.0","00:00:18"
"Переходы из поисковых систем","Яндекс","Яндекс","барьеры спортивные","1","1","0.0","1.0","00:00:29"
"Переходы из поисковых систем","Яндекс","Яндекс","барьеры тренировочные 15 см в белоруссии","1","1","0.0","3.0","00:02:37"
"Переходы из поисковых систем","Яндекс","Яндекс","барьеры тренировочные купить легкоатлетические","1","1","0.0","2.0","00:03:48"
"Переходы из поисковых систем","Яндекс","Яндекс","баскетбольная обувь купить","1","1","1.0","1.0","00:00:00"
"Переходы из поисковых систем","Яндекс","Яндекс","баскетбольная форма для команд с нанесением логотипа минск","1","1","0.0","3.0","00:00:31"
"Переходы из поисковых систем","Яндекс","Яндекс","баскетбольная форма купить","1","1","1.0","1.0","00:00:00"
"Переходы из поисковых систем","Яндекс","Яндекс","баскетбольная форма купить мужская","1","1","1.0","1.0","00:00:00"
"Переходы из поисковых систем","Яндекс","Яндекс","баскетбольная форма фиолетовая минск","1","1","1.0","1.0","00:00:00"
"Переходы из поисковых систем","Яндекс","Яндекс","баскетбольные кроссовки беларусь","1","1","1.0","1.0","00:00:00"
"Переходы из поисковых систем","Яндекс","Яндекс","баскетбольные кроссовки купить","1","1","0.0","19.0","00:28:22"
"Переходы из поисковых систем","Яндекс","Яндекс","баскетбольные кроссовки купить минск недорого","1","1","0.0","2.0","00:00:40"
"Переходы из поисковых систем","Яндекс","Яндекс","беговые кроссовки минск","1","1","0.0","2.0","00:00:13"
"Переходы из поисковых систем","Яндекс","Яндекс","бейсболка мужская сток купить","1","1","1.0","1.0","00:00:00"
"Переходы из поисковых систем","Яндекс","Яндекс","беларусь китайского мерча","1","1","1.0","1.0","00:00:00"
"Переходы из поисковых систем","Яндекс","Яндекс","большой выбор бейсболок минск","1","1","1.0","1.0","00:00:00"
"Переходы из поисковых систем","Яндекс","Яндекс","бомбер m tramp минск","1","1","1.0","1.0","00:00:00"
"Переходы из поисковых систем","Яндекс","Яндекс","бомбер купить в минске","1","1","0.0","1.0","00:00:50"
"Переходы из поисковых систем","Яндекс","Яндекс","бомбер мужской зимний с капюшоном в минске","1","1","0.0","1.0","00:00:15"
"Переходы из поисковых систем","Яндекс","Яндекс","бомбер мужской купить","1","1","1.0","1.0","00:00:00"
"Переходы из поисковых систем","Яндекс","Яндекс","бомбер мужской купить в минске","1","1","0.0","1.0","00:00:15"
"Переходы из поисковых систем","Яндекс","Яндекс","бомберы купить","1","1","1.0","1.0","00:00:00"
"Переходы из поисковых систем","Яндекс","Яндекс","борцовки fn beast кто производитель","1","1","0.0","1.0","00:00:19"
"Переходы из поисковых систем","Яндекс","Яндекс","борцовки fn спорт","1","1","0.0","6.0","00:17:20"
"Переходы из поисковых систем","Яндекс","Яндекс","борцовки fox файт","1","1","1.0","1.0","00:00:00"
"Переходы из поисковых систем","Яндекс","Яндекс","борцовки беларусь","1","1","0.0","2.0","00:01:02"
"Переходы из поисковых систем","Яндекс","Яндекс","борцовки для самбо fn цена","1","1","0.0","1.0","00:00:14"
"Переходы из поисковых систем","Яндекс","Яндекс","борцовки купить","1","1","0.0","2.0","00:00:23"
"Переходы из поисковых систем","Яндекс","Яндекс","борцовки цена минск4","1","1","0.0","1.0","00:00:16"
"Переходы из поисковых систем","Яндекс","Яндекс","бриджи бейсбол купить в белорусии","1","1","0.0","1.0","00:00:15"
"Переходы из поисковых систем","Яндекс","Яндекс","бриджи спортивные мужские 3/4 купить в минске","1","1","0.0","1.0","00:00:16"
"Переходы из поисковых систем","Яндекс","Яндекс","брюки 8061ck3002-201","1","1","0.0","2.0","00:06:48"
"Переходы из поисковых систем","Яндекс","Яндекс","брюки вратарские 156 рост купить в минске","1","1","0.0","3.0","00:01:08"
"Переходы из поисковых систем","Яндекс","Яндекс","брюки спортивные kelme men's knitted velvet trousers / 3991552-000","1","1","1.0","1.0","00:00:00"
"Переходы из поисковых систем","Яндекс","Яндекс","брюки спортивные kelme men's knitted velvet trousers / 3991552-000 (m, черный)","1","1","1.0","1.0","00:00:00"
"Переходы из поисковых систем","Яндекс","Яндекс","бутсы 34 размер для футбола","1","1","0.0","2.0","00:01:05"
"Переходы из поисковых систем","Яндекс","Яндекс","бутсы fn vector отзывы","1","1","0.0","1.0","00:00:15"
"Переходы из поисковых систем","Яндекс","Яндекс","бутсы в минске","1","1","1.0","1.0","00:00:00"
"Переходы из поисковых систем","Яндекс","Яндекс","бутсы детские купить в минске","1","1","0.0","3.0","00:00:19"
"Переходы из поисковых систем","Яндекс","Яндекс","бутсы минск магазины","1","1","1.0","1.0","00:00:00"
"Переходы из поисковых систем","Яндекс","Яндекс","бутсы фн купить","1","1","0.0","10.0","00:04:32"
"Переходы из поисковых систем","Яндекс","Яндекс","бутсы футбольные детские для искусственной травы купить","1","1","0.0","4.0","00:00:59"
"Переходы из поисковых систем","Яндекс","Яндекс","бутсы футзалки купить","1","1","0.0","2.0","00:02:16"
"Переходы из поисковых систем","Яндекс","Яндекс","ветровка fn","1","1","1.0","1.0","00:00:00"
"Переходы из поисковых систем","Яндекс","Яндекс","ветровка fn для мальчиков"", артикул kfn4191001-424-140.","1","1","0.0","1.0","00:00:15"
"Переходы из поисковых систем","Яндекс","Яндекс","ветровка kelme raincoat 8061wt1005-365","1","1","1.0","1.0","00:00:00"
"Переходы из поисковых систем","Яндекс","Яндекс","ветровка kelme women's woven jacket цвет: серый артикул: 3682002-200","1","1","1.0","1.0","00:00:00"
"Переходы из поисковых систем","Яндекс","Яндекс","ветровка kelme китай размер 4xl на русский","1","1","1.0","1.0","00:00:00"
"Переходы из поисковых систем","Яндекс","Яндекс","ветровка спортивная","1","1","1.0","1.0","00:00:00"
"Переходы из поисковых систем","Яндекс","Яндекс","ветровку мужскую купить в минске","1","1","0.0","1.0","00:00:15"
"Переходы из поисковых систем","Яндекс","Яндекс","водяная база с отверстием fn9091001-2-712 uni","1","1","0.0","1.0","00:00:25"
"Переходы из поисковых систем","Яндекс","Яндекс","волейбольная форма men's beach volleyball uniform","1","1","0.0","8.0","00:01:32"
"Переходы из поисковых систем","Яндекс","Яндекс","волейбольная форма в минске","1","1","0.0","3.0","00:01:29"
"Переходы из поисковых систем","Яндекс","Яндекс","волейбольная форма мужская","1","1","0.0","2.0","00:00:19"
"Переходы из поисковых систем","Яндекс","Яндекс","волейбольные кроссовки fn edge отзывы","1","1","0.0","6.0","00:00:13"
"Переходы из поисковых систем","Яндекс","Яндекс","волейбольные кроссовки fn отзывы","1","1","1.0","1.0","00:00:00"
"Переходы из поисковых систем","Яндекс","Яндекс","волейбольные футзалки","1","1","1.0","1.0","00:00:00"
"Переходы из поисковых систем","Яндекс","Яндекс","вратарская форма минск","1","1","0.0","3.0","00:00:40"
"Переходы из поисковых систем","Яндекс","Яндекс","вратарская форма футбольная взрослая купить минск","1","1","0.0","1.0","00:00:20"
"Переходы из поисковых систем","Яндекс","Яндекс","вратарская форма футбольная купить","1","1","1.0","1.0","00:00:00"
"Переходы из поисковых систем","Яндекс","Яндекс","вратарская форма футбольная купить в минске","1","1","0.0","1.0","00:00:15"
"Переходы из поисковых систем","Яндекс","Яндекс","вратарская футбольная форма детская kelme оранжевая","1","1","0.0","12.0","00:01:30"
"Переходы из поисковых систем","Яндекс","Яндекс","вратарский костюм на мальчика кельми","1","1","0.0","2.0","00:00:50"
"Переходы из поисковых систем","Яндекс","Яндекс","гандбольная вратарская форма","1","1","0.0","1.0","00:00:19"
"Переходы из поисковых систем","Яндекс","Яндекс","гандбольные кроссовки в минске","1","1","1.0","1.0","00:00:00"
"Переходы из поисковых систем","Яндекс","Яндекс","гандбольные кроссовкикупить минск","1","1","1.0","1.0","00:00:00"
"Переходы из поисковых систем","Яндекс","Яндекс","где в беларуси купить ветровку флагом беларуси?","1","1","0.0","2.0","00:01:22"
"Переходы из поисковых систем","Яндекс","Яндекс","где заказать футзалки с доставкой по рб","1","1","1.0","1.0","00:00:00"
"Переходы из поисковых систем","Яндекс","Яндекс","где купить фиолетовое худи в минске","1","1","1.0","1.0","00:00:00"
"Переходы из поисковых систем","Яндекс","Яндекс","где купить шиповки для легкой атлетики магазины минск","1","1","0.0","2.0","00:01:09"
"Переходы из поисковых систем","Яндекс","Яндекс","где можно купить баскетбольные кроссовки в минске","1","1","0.0","1.0","00:00:16"
"Переходы из поисковых систем","Яндекс","Яндекс","где можно купить шиповки для легкой атлетики минск размер 45 для спиринта","1","1","0.0","1.0","00:00:17"
"Переходы из поисковых систем","Яндекс","Яндекс","где можно на шортах, нанести флаг","1","1","1.0","1.0","00:00:00"
"Переходы из поисковых систем","Яндекс","Яндекс","гетры adult long football socks","1","1","0.0","1.0","00:00:16"
"Переходы из поисковых систем","Яндекс","Яндекс","гетры купить женские","1","1","0.0","4.0","00:00:58"
"Переходы из поисковых систем","Яндекс","Яндекс","гетры футбольные «kelme» football length socks kid 8, k15z931-100","1","1","0.0","1.0","00:00:16"
"Переходы из поисковых систем","Яндекс","Яндекс","город барановичи футбольная форма под заказ","1","1","0.0","1.0","00:00:17"
"Переходы из поисковых систем","Яндекс","Яндекс","дана молл минск купить футзалки детские","1","1","0.0","1.0","00:00:18"
"Переходы из поисковых систем","Яндекс","Яндекс","детская обувь для гандбола","1","1","0.0","2.0","00:00:24"
"Переходы из поисковых систем","Яндекс","Яндекс","детская футбольная форма kelme short-sleeved football suit","1","1","0.0","6.0","00:03:01"
"Переходы из поисковых систем","Яндекс","Яндекс","детская футбольная форма kelme купить минск","1","1","1.0","1.0","00:00:00"
"Переходы из поисковых систем","Яндекс","Яндекс","детская футбольная форма купить в минске","1","1","1.0","1.0","00:00:00"
"Переходы из поисковых систем","Яндекс","Яндекс","детская футбольная форма сборной беларуси","1","1","1.0","1.0","00:00:00"
"Переходы из поисковых систем","Яндекс","Яндекс","детские волейбольные/ гандбольные кроссовки shoes kid купить в минске","1","1","0.0","2.0","00:00:22"
"Переходы из поисковых систем","Яндекс","Яндекс","детские футбольные комплекты","1","1","1.0","1.0","00:00:00"
"Переходы из поисковых систем","Яндекс","Яндекс","детский костюм kelme","1","1","0.0","4.0","00:00:21"
"Переходы из поисковых систем","Яндекс","Яндекс","детский лонгслив kelme training jacket kid"" дл","1","1","1.0","1.0","00:00:00"
"Переходы из поисковых систем","Яндекс","Яндекс","джемпер kfn4251001-000","1","1","1.0","1.0","00:00:00"
"Переходы из поисковых систем","Яндекс","Яндекс","джоггеры купить минск","1","1","1.0","1.0","00:00:00"
"Переходы из поисковых систем","Яндекс","Яндекс","джоггеры минск","1","1","1.0","1.0","00:00:00"
"Переходы из поисковых систем","Яндекс","Яндекс","дзержинского 90","1","1","0.0","1.0","00:00:15"
"Переходы из поисковых систем","Яндекс","Яндекс","дистанции kelme men's/women's sneakers","1","1","0.0","2.0","00:00:22"
"Переходы из поисковых систем","Яндекс","Яндекс","женские кроссовки kelme размер 40 евро какой российский размер","1","1","0.0","1.0","00:00:15"
"Переходы из поисковых систем","Яндекс","Яндекс","жесткий тейп купить в минске","1","1","0.0","1.0","00:00:23"
"Переходы из поисковых систем","Яндекс","Яндекс","жилет кельме минск 21 век","1","1","1.0","1.0","00:00:00"
"Переходы из поисковых систем","Яндекс","Яндекс","жилет спортивный кельме минск","1","1","1.0","1.0","00:00:00"
"Переходы из поисковых систем","Яндекс","Яндекс","заказать гандбольную форму бфг","1","1","1.0","1.0","00:00:00"
"Переходы из поисковых систем","Яндекс","Яндекс","заказать форму для волейбола","1","1","0.0","10.0","00:09:46"
"Переходы из поисковых систем","Яндекс","Яндекс","заказать футбольную форму с надписью","1","1","0.0","1.0","00:00:21"
"Переходы из поисковых систем","Яндекс","Яндекс","закрытое акционерное общество ""тгт"" прайс","1","1","0.0","1.0","00:01:22"
"Переходы из поисковых систем","Яндекс","Яндекс","закрытое акционерное общество ""тгт"" республика беларусь, 220083, г. минск, пр-т дзержинского, д. 90-427 унп: 191760042 номер регистрации: 191760042","1","1","0.0","1.0","00:00:27"
"Переходы из поисковых систем","Яндекс","Яндекс","закрытое акционерное общество «тгт»","1","1","0.0","1.0","00:00:14"
"Переходы из поисковых систем","Яндекс","Яндекс","закрытое акционерное общество тгт телефон","1","1","0.0","2.0","00:01:03"
"Переходы из поисковых систем","Яндекс","Яндекс","зао ""тгт"" г минск","1","1","0.0","1.0","00:00:21"
"Переходы из поисковых систем","Яндекс","Яндекс","зао ""тгт""ъ","1","1","0.0","1.0","00:00:15"
"Переходы из поисковых систем","Яндекс","Яндекс","зао минск","1","1","1.0","1.0","00:00:00"
"Переходы из поисковых систем","Яндекс","Яндекс","зао тгт адрес","1","1","0.0","1.0","00:00:15"
"Переходы из поисковых систем","Яндекс","Яндекс","зао тгт беларусь","1","1","0.0","5.0","00:01:11"
"Переходы из поисковых систем","Яндекс","Яндекс","зао тгт каталог","1","1","0.0","8.0","00:01:16"
"Переходы из поисковых систем","Яндекс","Яндекс","зао тгт минск дзержинского 90 купить makita","1","1","1.0","1.0","00:00:00"
"Переходы из поисковых систем","Яндекс","Яндекс","зао тгт минск контактные данные","1","1","0.0","1.0","00:00:15"
"Переходы из поисковых систем","Яндекс","Яндекс","зао тгт минск официальный сайт","1","1","0.0","2.0","00:00:28"
"Переходы из поисковых систем","Яндекс","Яндекс","зао тгт минск прибыль","1","1","0.0","2.0","00:01:04"
"Переходы из поисковых систем","Яндекс","Яндекс","зао тгт спортивная одежда рб","1","1","0.0","2.0","00:00:38"
"Переходы из поисковых систем","Яндекс","Яндекс","зао тгт электронная почта","1","1","0.0","1.0","00:00:09"
"Переходы из поисковых систем","Яндекс","Яндекс","зао тгэт","1","1","1.0","1.0","00:00:00"
"Переходы из поисковых систем","Яндекс","Яндекс","зимняя спортивная экипировка","1","1","0.0","2.0","00:00:28"
"Переходы из поисковых систем","Яндекс","Яндекс","интернет магазины спорттоваров минск","1","1","0.0","1.0","00:00:19"
"Переходы из поисковых систем","Яндекс","Яндекс","келме шорты вратарские","1","1","1.0","1.0","00:00:00"
"Переходы из поисковых систем","Яндекс","Яндекс","кельме 8251zb1003-603","1","1","0.0","1.0","00:00:16"
"Переходы из поисковых систем","Яндекс","Яндекс","кельме 9893020-416","1","1","0.0","2.0","00:12:17"
"Переходы из поисковых систем","Яндекс","Яндекс","кельме спортивный костюм футбольный детский","1","1","1.0","1.0","00:00:00"
"Переходы из поисковых систем","Яндекс","Яндекс","кельме тгт","1","1","0.0","26.0","00:41:08"
"Переходы из поисковых систем","Яндекс","Яндекс","кельми на дзержинского","1","1","0.0","9.0","00:35:29"
"Переходы из поисковых систем","Яндекс","Яндекс","компания fn спортивная обувь","1","1","0.0","2.0","00:00:04"
"Переходы из поисковых систем","Яндекс","Яндекс","компания тгт","1","1","0.0","2.0","00:00:11"
"Переходы из поисковых систем","Яндекс","Яндекс","компания тгт бренды одежды","1","1","1.0","1.0","00:00:00"
"Переходы из поисковых систем","Яндекс","Яндекс","комплект анорак женский салатовый","1","1","0.0","3.0","00:00:57"
"Переходы из поисковых систем","Яндекс","Яндекс","комплект формы для соревнованій по легкой атлетике с белорусской сімволікой","1","1","0.0","1.0","00:00:16"
"Переходы из поисковых систем","Яндекс","Яндекс","комплект футбольной формы sx energy black blue","1","1","0.0","3.0","00:01:01"
"Переходы из поисковых систем","Яндекс","Яндекс","костюм реал мадрид купить минск","1","1","1.0","1.0","00:00:00"
"Переходы из поисковых систем","Яндекс","Яндекс","костюм спортивный dynamic","1","1","0.0","8.0","00:06:45"
"Переходы из поисковых систем","Яндекс","Яндекс","костюм спортивный dynamic женский в минске купить","1","1","1.0","1.0","00:00:00"
"Переходы из поисковых систем","Яндекс","Яндекс","кофта (толстовка) kelme t70611001.611","1","1","1.0","1.0","00:00:00"
"Переходы из поисковых систем","Яндекс","Яндекс","кроссовки fn distor white артикул:fn5021012-103","1","1","0.0","1.0","00:00:16"
"Переходы из поисковых систем","Яндекс","Яндекс","кроссовки fn edge","1","1","1.0","1.0","00:00:00"
"Переходы из поисковых систем","Яндекс","Яндекс","кроссовки kelme barcelona 46949-9402 купить в беларуси","1","1","0.0","2.0","00:01:18"
"Переходы из поисковых систем","Яндекс","Яндекс","кроссовки kelme barcelona купить","1","1","1.0","1.0","00:00:00"
"Переходы из поисковых систем","Яндекс","Яндекс","кроссовки kelme men's training shoes","1","1","1.0","1.0","00:00:00"
"Переходы из поисковых систем","Яндекс","Яндекс","кроссовки omaha 17818","1","1","1.0","1.0","00:00:00"
"Переходы из поисковых систем","Яндекс","Яндекс","кроссовки xx60015005","1","1","0.0","4.0","00:01:23"
"Переходы из поисковых систем","Яндекс","Яндекс","кроссовки баскетбольные детские купить","1","1","0.0","4.0","00:02:18"
"Переходы из поисковых систем","Яндекс","Яндекс","кроссовки гандбол","1","1","0.0","2.0","00:00:34"
"Переходы из поисковых систем","Яндекс","Яндекс","кроссовки гандбольные купить","1","1","1.0","1.0","00:00:00"
"Переходы из поисковых систем","Яндекс","Яндекс","кроссовки для бадминтона купить минск","1","1","1.0","1.0","00:00:00"
"Переходы из поисковых систем","Яндекс","Яндекс","кроссовки для бадминтона минск","1","1","0.0","3.0","00:00:58"
"Переходы из поисковых систем","Яндекс","Яндекс","кроссовки для бадминтона мужские","1","1","0.0","4.0","00:14:11"
"Переходы из поисковых систем","Яндекс","Яндекс","кроссовки для баскетбола минск","1","1","1.0","1.0","00:00:00"
"Переходы из поисковых систем","Яндекс","Яндекс","кроссовки для гандбола купить","1","1","1.0","1.0","00:00:00"
"Переходы из поисковых систем","Яндекс","Яндекс","купить анорак мужской весна осень","1","1","0.0","1.0","00:00:17"
"Переходы из поисковых систем","Яндекс","Яндекс","купить бандану витебск","1","1","1.0","1.0","00:00:00"
"Переходы из поисковых систем","Яндекс","Яндекс","купить баскетбольные кроссовки в беларуси","1","1","0.0","4.0","00:00:59"
"Переходы из поисковых систем","Яндекс","Яндекс","купить баскетбольные кроссовки в беларуси оригинал мужские","1","1","1.0","1.0","00:00:00"
"Переходы из поисковых систем","Яндекс","Яндекс","купить баскетбольные кроссовки в минск","1","1","1.0","1.0","00:00:00"
"Переходы из поисковых систем","Яндекс","Яндекс","купить беговые шиповки в минске","1","1","0.0","1.0","00:00:18"
"Переходы из поисковых систем","Яндекс","Яндекс","купить беговые шиповки для легкой атлетики в беларуси","1","1","0.0","3.0","00:01:39"
"Переходы из поисковых систем","Яндекс","Яндекс","купить бомбер рб","1","1","1.0","1.0","00:00:00"
"Переходы из поисковых систем","Яндекс","Яндекс","купить бомбера на тролинг до 6м","1","1","1.0","1.0","00:00:00"
"Переходы из поисковых систем","Яндекс","Яндекс","купить борцовки в беларуси","1","1","1.0","1.0","00:00:00"
"Переходы из поисковых систем","Яндекс","Яндекс","купить борцовки минск","1","1","1.0","1.0","00:00:00"
"Переходы из поисковых систем","Яндекс","Яндекс","купить бутсы","1","1","0.0","2.0","00:04:20"
"Переходы из поисковых систем","Яндекс","Яндекс","купить бутсы 39 размер","1","1","1.0","1.0","00:00:00"
"Переходы из поисковых систем","Яндекс","Яндекс","купить бутсы ag","1","1","0.0","1.0","00:00:15"
"Переходы из поисковых систем","Яндекс","Яндекс","купить бутсы mg в витебске","1","1","1.0","1.0","00:00:00"
"Переходы из поисковых систем","Яндекс","Яндекс","купить бутсы бу футбольные","1","1","0.0","3.0","00:01:09"
"Переходы из поисковых систем","Яндекс","Яндекс","купить бутсы в беларуси футбольные профессиональные","1","1","1.0","1.0","00:00:00"
"Переходы из поисковых систем","Яндекс","Яндекс","купить бутсы в минске","1","1","1.0","1.0","00:00:00"
"Переходы из поисковых систем","Яндекс","Яндекс","купить в минске барьеры пластмассовые регулируемые","1","1","0.0","1.0","00:00:15"
"Переходы из поисковых систем","Яндекс","Яндекс","купить в минске кроссовки для гандбола большого размера","1","1","1.0","1.0","00:00:00"
"Переходы из поисковых систем","Яндекс","Яндекс","купить ветровку в минске","1","1","1.0","1.0","00:00:00"
"Переходы из поисковых систем","Яндекс","Яндекс","купить волейбольную форму шорты и майка","1","1","0.0","7.0","00:01:11"
"Переходы из поисковых систем","Яндекс","Яндекс","купить вратарские перчатки для футбола в минске","1","1","0.0","11.0","00:01:28"
"Переходы из поисковых систем","Яндекс","Яндекс","купить детские волейбольные/ гандбольные кроссовки shoes kid","1","1","0.0","6.0","00:02:09"
"Переходы из поисковых систем","Яндекс","Яндекс","купить детскую форму реал мадрид в минске","1","1","0.0","1.0","00:00:15"
"Переходы из поисковых систем","Яндекс","Яндекс","купить дёшево куртку бомбер зима в беларуси","1","1","1.0","1.0","00:00:00"
"Переходы из поисковых систем","Яндекс","Яндекс","купить кожаные бутсы в беларуси","1","1","0.0","3.0","00:01:15"
"Переходы из поисковых систем","Яндекс","Яндекс","купить комуфляжную зелёно пятнистую мужскую асенюю ветровку куртку в белорусии в 2024году с доставкой фото и цэна","1","1","0.0","1.0","00:00:16"
"Переходы из поисковых систем","Яндекс","Яндекс","купить костюм велосипедный кельме","1","1","1.0","1.0","00:00:00"
"Переходы из поисковых систем","Яндекс","Яндекс","купить костюм спортивный vendetta в минске","1","1","1.0","1.0","00:00:00"
"Переходы из поисковых систем","Яндекс","Яндекс","купить кроссовки баскетбольные","1","1","1.0","1.0","00:00:00"
"Переходы из поисковых систем","Яндекс","Яндекс","купить кроссовки детские гандбольные","1","1","1.0","1.0","00:00:00"
"Переходы из поисковых систем","Яндекс","Яндекс","купить кроссовки для баскетбола","1","1","1.0","1.0","00:00:00"
"Переходы из поисковых систем","Яндекс","Яндекс","купить кроссовки для волейбола и гандбола в минске","1","1","1.0","1.0","00:00:00"
"Переходы из поисковых систем","Яндекс","Яндекс","купить кроссовки для гандбола в минске","1","1","0.0","2.0","00:12:38"
"Переходы из поисковых систем","Яндекс","Яндекс","купить лонгслив kelme","1","1","1.0","1.0","00:00:00"
"Переходы из поисковых систем","Яндекс","Яндекс","купить мешок для спортивной формы и обуви беларусь с доставкой","1","1","0.0","1.0","00:00:19"
"Переходы из поисковых систем","Яндекс","Яндекс","купить мешок рюкзак для спорта 66*47","1","1","1.0","1.0","00:00:00"
"Переходы из поисковых систем","Яндекс","Яндекс","купить мужскую олимпийку","1","1","1.0","1.0","00:00:00"
"Переходы из поисковых систем","Яндекс","Яндекс","купить мяч fifa quality pro","1","1","0.0","2.0","00:00:23"
"Переходы из поисковых систем","Яндекс","Яндекс","купить олимпийку минск","1","1","0.0","1.0","00:00:16"
"Переходы из поисковых систем","Яндекс","Яндекс","купить олимпийку мужскую в минске","1","1","1.0","1.0","00:00:00"
"Переходы из поисковых систем","Яндекс","Яндекс","купить олимпийку хб","1","1","0.0","1.0","00:00:17"
"Переходы из поисковых систем","Яндекс","Яндекс","купить перчатки в минске вратарские детские","1","1","0.0","3.0","00:01:44"
"Переходы из поисковых систем","Яндекс","Яндекс","купить пуховик fn в минске","1","1","0.0","1.0","00:00:13"
"Переходы из поисковых систем","Яндекс","Яндекс","купить снуд для спорта мужской зимний","1","1","0.0","13.0","00:07:24"
"Переходы из поисковых систем","Яндекс","Яндекс","купить снуд спортивный","1","1","0.0","4.0","00:01:04"
"Переходы из поисковых систем","Яндекс","Яндекс","купить спортивное снаряжение минск","1","1","1.0","1.0","00:00:00"
"Переходы из поисковых систем","Яндекс","Яндекс","купить спортивную лёгкую мужскую ветровку в пинске","1","1","0.0","2.0","00:00:30"
"Переходы из поисковых систем","Яндекс","Яндекс","купить спортивную шапку в минске","1","1","0.0","3.0","00:00:40"
"Переходы из поисковых систем","Яндекс","Яндекс","купить спортивный пуховик","1","1","0.0","3.0","00:02:28"
"Переходы из поисковых систем","Яндекс","Яндекс","купить судейскую форму для футбола","1","1","0.0","1.0","00:00:16"
"Переходы из поисковых систем","Яндекс","Яндекс","купить ферари костюм в минске","1","1","1.0","1.0","00:00:00"
"Переходы из поисковых систем","Яндекс","Яндекс","купить форму fn","1","1","0.0","16.0","00:05:12"
"Переходы из поисковых систем","Яндекс","Яндекс","купить форму волейбольную в беларуси","1","1","1.0","1.0","00:00:00"
"Переходы из поисковых систем","Яндекс","Яндекс","купить форму вратаря в минске","1","1","0.0","1.0","00:00:12"
"Переходы из поисковых систем","Яндекс","Яндекс","купить форму для волейбола","1","1","1.0","1.0","00:00:00"
"Переходы из поисковых систем","Яндекс","Яндекс","купить форму игровую гандбол волейбол","1","1","1.0","1.0","00:00:00"
"Переходы из поисковых систем","Яндекс","Яндекс","купить форму реал мадрид без фамилии в минске","1","1","1.0","1.0","00:00:00"
"Переходы из поисковых систем","Яндекс","Яндекс","купить форму реал мадрид минск","1","1","1.0","1.0","00:00:00"
"Переходы из поисковых систем","Яндекс","Яндекс","купить форму реала в минске","1","1","1.0","1.0","00:00:00"
"Переходы из поисковых систем","Яндекс","Яндекс","купить футбольную форму буффона в минске","1","1","0.0","1.0","00:00:15"
"Переходы из поисковых систем","Яндекс","Яндекс","купить футбольную форму в беларуси егель","1","1","0.0","1.0","00:00:15"
"Переходы из поисковых систем","Яндекс","Яндекс","купить футбольную форму для мальчика буффон в рб","1","1","1.0","1.0","00:00:00"
"Переходы из поисковых систем","Яндекс","Яндекс","купить футбольную форму ценами в минске","1","1","0.0","1.0","00:00:14"
"Переходы из поисковых систем","Яндекс","Яндекс","купить футбольную формуfn4261014-055","1","1","0.0","3.0","00:00:24"
"Переходы из поисковых систем","Яндекс","Яндекс","купить футбольные фишки для тренировок в минске","1","1","0.0","1.0","00:00:17"
"Переходы из поисковых систем","Яндекс","Яндекс","купить футбольные шорты kelme в минске","1","1","0.0","2.0","00:00:44"
"Переходы из поисковых систем","Яндекс","Яндекс","купить футзалки","1","1","1.0","1.0","00:00:00"
"Переходы из поисковых систем","Яндекс","Яндекс","купить футзалки joma 46 разм=ер","1","1","1.0","1.0","00:00:00"
"Переходы из поисковых систем","Яндекс","Яндекс","купить футзалки беларусь","1","1","0.0","13.0","00:03:23"
"Переходы из поисковых систем","Яндекс","Яндекс","купить футзалки в минске","1","1","0.0","4.0","00:01:26"
"Переходы из поисковых систем","Яндекс","Яндекс","купить футзалки минск","1","1","0.0","4.0","00:00:13"
"Переходы из поисковых систем","Яндекс","Яндекс","купить футзалки мужские","1","1","0.0","9.0","00:06:46"
"Переходы из поисковых систем","Яндекс","Яндекс","купить шиповки для пожарно-прикладного спорта в минске","1","1","1.0","1.0","00:00:00"
"Переходы из поисковых систем","Яндекс","Яндекс","купить шорты вратарские футбольные детские","1","1","0.0","1.0","00:00:16"
"Переходы из поисковых систем","Яндекс","Яндекс","купить щитки для футбола размер xs купить минск","1","1","0.0","1.0","00:00:19"
"Переходы из поисковых систем","Яндекс","Яндекс","купить щитки футбольные витебск","1","1","0.0","1.0","00:00:18"
"Переходы из поисковых систем","Яндекс","Яндекс","купить экипировку гандбольную","1","1","1.0","1.0","00:00:00"
"Переходы из поисковых систем","Яндекс","Яндекс","купить экипировку для футбола","1","1","0.0","4.0","00:09:02"
"Переходы из поисковых систем","Яндекс","Яндекс","купить+в+минске+недорого+детское+термобельё","1","1","0.0","2.0","00:00:22"
"Переходы из поисковых систем","Яндекс","Яндекс","купить+очень+легкую+ветровку+спортивную++в+минске+","1","1","0.0","1.0","00:00:15"
"Переходы из поисковых систем","Яндекс","Яндекс","куртка delete","1","1","0.0","5.0","00:01:39"
"Переходы из поисковых систем","Яндекс","Яндекс","куртка kelme model 6347yr1007","1","1","0.0","2.0","00:09:45"
"Переходы из поисковых систем","Яндекс","Яндекс","куртка padding jacket fn 4201001-100","1","1","0.0","2.0","00:04:27"
"Переходы из поисковых систем","Яндекс","Яндекс","куртка артикул kfn4201001-424","1","1","0.0","2.0","00:00:22"
"Переходы из поисковых систем","Яндекс","Яндекс","куртки мужские демисезон купить в минсе","1","1","1.0","1.0","00:00:00"
"Переходы из поисковых систем","Яндекс","Яндекс","куртки мужские демисезонные купить в минске","1","1","1.0","1.0","00:00:00"
"Переходы из поисковых систем","Яндекс","Яндекс","легкоатлетическая форма kelme women's track suit синий 8153qb2001-481","1","1","0.0","1.0","00:00:39"
"Переходы из поисковых систем","Яндекс","Яндекс","лесенка координационная купить минск","1","1","0.0","4.0","00:30:32"
"Переходы из поисковых систем","Яндекс","Яндекс","лестница для бокса на полу","1","1","0.0","3.0","00:01:04"
"Переходы из поисковых систем","Яндекс","Яндекс","лонгслив дживово минск","1","1","0.0","3.0","00:00:30"
"Переходы из поисковых систем","Яндекс","Яндекс","лупить борцовки в гродно","1","1","1.0","1.0","00:00:00"
"Переходы из поисковых систем","Яндекс","Яндекс","магазин баскетбольных кроссовок","1","1","0.0","1.0","00:00:30"
"Переходы из поисковых систем","Яндекс","Яндекс","магазин бутс в минске","1","1","0.0","1.0","00:00:16"
"Переходы из поисковых систем","Яндекс","Яндекс","магазин бутс на проспекте дзержинского","1","1","0.0","1.0","00:00:14"
"Переходы из поисковых систем","Яндекс","Яндекс","магазин бутсы для футбола на динамо","1","1","0.0","1.0","00:00:18"
"Переходы из поисковых систем","Яндекс","Яндекс","магазин китайской атрибутики минск","1","1","1.0","1.0","00:00:00"
"Переходы из поисковых систем","Яндекс","Яндекс","магазин спортивного профессионального экипировки","1","1","0.0","1.0","00:00:20"
"Переходы из поисковых систем","Яндекс","Яндекс","магазин спортивной амуниции в минске","1","1","0.0","1.0","00:00:19"
"Переходы из поисковых систем","Яндекс","Яндекс","магазин спортивной одежды минск","1","1","0.0","3.0","00:05:21"
"Переходы из поисковых систем","Яндекс","Яндекс","магазин спортивной экипировки минск","1","1","0.0","1.0","00:00:17"
"Переходы из поисковых систем","Яндекс","Яндекс","магазин спортивных товаров в минске","1","1","0.0","5.0","00:01:04"
"Переходы из поисковых систем","Яндекс","Яндекс","магазин футбольной формы в минске","1","1","0.0","3.0","00:00:44"
"Переходы из поисковых систем","Яндекс","Яндекс","магазин футбольной экипировки для детей","1","1","0.0","20.0","00:08:31"
"Переходы из поисковых систем","Яндекс","Яндекс","магазин футбольной экипировки минск","1","1","0.0","1.0","00:00:09"
"Переходы из поисковых систем","Яндекс","Яндекс","майка вратарская футбольная","1","1","0.0","3.0","00:12:51"
"Переходы из поисковых систем","Яндекс","Яндекс","майка кельме желтая","1","1","1.0","1.0","00:00:00"
"Переходы из поисковых систем","Яндекс","Яндекс","майка реал мадрид купить беларусь","1","1","1.0","1.0","00:00:00"
"Переходы из поисковых систем","Яндекс","Яндекс","майки для легкой атлетики","1","1","0.0","1.0","00:00:15"
"Переходы из поисковых систем","Яндекс","Яндекс","майки келме минск","1","1","0.0","2.0","00:00:30"
"Переходы из поисковых систем","Яндекс","Яндекс","майки спортивные оптом минма","1","1","1.0","1.0","00:00:00"
"Переходы из поисковых систем","Яндекс","Яндекс","мальчики спортивная форма","1","1","0.0","1.0","00:00:16"
"Переходы из поисковых систем","Яндекс","Яндекс","манекен для дзюдо купить в минске","1","1","1.0","1.0","00:00:00"
"Переходы из поисковых систем","Яндекс","Яндекс","манекен тренировочный","1","1","1.0","1.0","00:00:00"
"Переходы из поисковых систем","Яндекс","Яндекс","манишки спортивные купить минск","1","1","0.0","1.0","00:00:16"
"Переходы из поисковых систем","Яндекс","Яндекс","манишки футбольные купить","1","1","0.0","2.0","00:00:46"
"Переходы из поисковых систем","Яндекс","Яндекс","мини-барьеры тренировочные","1","1","0.0","1.0","00:00:15"
"Переходы из поисковых систем","Яндекс","Яндекс","минск проспект дзержинского 90 тгт","1","1","0.0","1.0","00:00:17"
"Переходы из поисковых систем","Яндекс","Яндекс","минск тгт","1","1","1.0","1.0","00:00:00"
"Переходы из поисковых систем","Яндекс","Яндекс","мужской бомбер в беларуси купить","1","1","0.0","1.0","00:00:19"
"Переходы из поисковых систем","Яндекс","Яндекс","мяч leather football","1","1","0.0","1.0","00:00:15"
"Переходы из поисковых систем","Яндекс","Яндекс","мяч волейбольный термосклейка","1","1","0.0","2.0","00:00:15"
"Переходы из поисковых систем","Яндекс","Яндекс","мяч футбольный ручная сшивка минск","1","1","1.0","1.0","00:00:00"
"Переходы из поисковых систем","Яндекс","Яндекс","мяч футбольный термосклейка купить","1","1","1.0","1.0","00:00:00"
"Переходы из поисковых систем","Яндекс","Яндекс","набивка на футбольную форму нанесение логотипа на темерязево","1","1","0.0","2.0","00:00:09"
"Переходы из поисковых систем","Яндекс","Яндекс","набить номер на шорты","1","1","0.0","3.0","00:00:47"
"Переходы из поисковых систем","Яндекс","Яндекс","нанесение логотипа и номера на форму","1","1","0.0","1.0","00:00:15"
"Переходы из поисковых систем","Яндекс","Яндекс","нанесение логотипа на форму","1","1","0.0","3.0","00:01:30"
"Переходы из поисковых систем","Яндекс","Яндекс","нанесение на форму номеров и фамилии","1","1","0.0","2.0","00:00:26"
"Переходы из поисковых систем","Яндекс","Яндекс","нанесение на форму футбольную","1","1","1.0","1.0","00:00:00"
"Переходы из поисковых систем","Яндекс","Яндекс","нанесение принта на футболку минск футболиску","1","1","0.0","4.0","00:00:45"
"Переходы из поисковых систем","Яндекс","Яндекс","низкие барьеры купить","1","1","1.0","1.0","00:00:00"
"Переходы из поисковых систем","Яндекс","Яндекс","новая форма реал мадрид цена беларусь","1","1","1.0","1.0","00:00:00"
"Переходы из поисковых систем","Яндекс","Яндекс","ножницы для разрезания повязок купить","1","1","1.0","1.0","00:00:00"
"Переходы из поисковых систем","Яндекс","Яндекс","носки fn swift","1","1","0.0","1.0","00:00:15"
"Переходы из поисковых систем","Яндекс","Яндекс","обувь 17170-107 yosemitsu","1","1","0.0","1.0","00:00:16"
"Переходы из поисковых систем","Яндекс","Яндекс","обувь kelme размерная сетка","1","1","0.0","1.0","00:00:16"
"Переходы из поисковых систем","Яндекс","Яндекс","обувь борцовки купить","1","1","1.0","1.0","00:00:00"
"Переходы из поисковых систем","Яндекс","Яндекс","обувь для бадминтона","1","1","0.0","2.0","00:01:27"
"Переходы из поисковых систем","Яндекс","Яндекс","обувь для бадминтона купить","1","1","0.0","3.0","00:00:21"
"Переходы из поисковых систем","Яндекс","Яндекс","обувь для баскетбола купить в минске","1","1","0.0","7.0","00:01:39"
"Переходы из поисковых систем","Яндекс","Яндекс","обувь для гандбола купить","1","1","0.0","2.0","00:00:30"
"Переходы из поисковых систем","Яндекс","Яндекс","обувь специальная для легкой атлетики в беларуси","1","1","0.0","2.0","00:00:32"
"Переходы из поисковых систем","Яндекс","Яндекс","одежда для спортсменов минск","1","1","1.0","1.0","00:00:00"
"Переходы из поисковых систем","Яндекс","Яндекс","олимпийка минск","1","1","0.0","1.0","00:00:16"
"Переходы из поисковых систем","Яндекс","Яндекс","олимпийка мужская минск","1","1","1.0","1.0","00:00:00"
"Переходы из поисковых систем","Яндекс","Яндекс","перчатки для футзала fn минск","1","1","0.0","2.0","00:03:40"
"Переходы из поисковых систем","Яндекс","Яндекс","поставщик и производитель тэйпы в минске","1","1","0.0","2.0","00:00:39"
"Переходы из поисковых систем","Яндекс","Яндекс","пр-т дзержинского, д. 90, пом. 427","1","1","0.0","1.0","00:00:11"
"Переходы из поисковых систем","Яндекс","Яндекс","приклеить номер на одежду футбол минск","1","1","1.0","1.0","00:00:00"
"Переходы из поисковых систем","Яндекс","Яндекс","продукция зао ""тгт""","1","1","0.0","3.0","00:05:53"
"Переходы из поисковых систем","Яндекс","Яндекс","проф спорт минск центр экипировки","1","1","0.0","1.0","00:00:15"
"Переходы из поисковых систем","Яндекс","Яндекс","профессиональная сетка для футбольных ворот купить в беларуси цена","1","1","1.0","1.0","00:00:00"
"Переходы из поисковых систем","Яндекс","Яндекс","профессиональные вратарские перчатки купить в минске","1","1","1.0","1.0","00:00:00"
"Переходы из поисковых систем","Яндекс","Яндекс","пуховик fn белый","1","1","0.0","1.0","00:00:19"
"Переходы из поисковых систем","Яндекс","Яндекс","пуховик fn для мужчин купить в минске","1","1","0.0","2.0","00:00:05"
"Переходы из поисковых систем","Яндекс","Яндекс","пуховик kelme padding jacket","1","1","1.0","1.0","00:00:00"
"Переходы из поисковых систем","Яндекс","Яндекс","пуховик kelme длинный мужской","1","1","1.0","1.0","00:00:00"
"Переходы из поисковых систем","Яндекс","Яндекс","пуховик в минске зелёный","1","1","1.0","1.0","00:00:02"
"Переходы из поисковых систем","Яндекс","Яндекс","пуховик венгера купить в минске","1","1","0.0","5.0","00:02:57"
"Переходы из поисковых систем","Яндекс","Яндекс","пуховик детский fn padding jacket kid black","1","1","1.0","1.0","00:00:00"
"Переходы из поисковых систем","Яндекс","Яндекс","размер кроссовок fn","1","1","0.0","1.0","00:00:16"
"Переходы из поисковых систем","Яндекс","Яндекс","размер одежды кельми какой рост","1","1","1.0","1.0","00:00:00"
"Переходы из поисковых систем","Яндекс","Яндекс","размерный ряд kelme","1","1","0.0","1.0","00:00:15"
"Переходы из поисковых систем","Яндекс","Яндекс","райо вальекано купить одежду","1","1","1.0","1.0","00:00:00"
"Переходы из поисковых систем","Яндекс","Яндекс","реал мадрид минске купить форму реала","1","1","0.0","2.0","00:00:12"
"Переходы из поисковых систем","Яндекс","Яндекс","реал мадрид форма купить минск","1","1","1.0","1.0","00:00:00"
"Переходы из поисковых систем","Яндекс","Яндекс","рукав спортивный купить","1","1","0.0","5.0","00:01:08"
"Переходы из поисковых систем","Яндекс","Яндекс","рэперские пуховики купить","1","1","0.0","1.0","00:00:17"
"Переходы из поисковых систем","Яндекс","Яндекс","рюкзак fn backpack купить беларусь","1","1","0.0","2.0","00:00:06"
"Переходы из поисковых систем","Яндекс","Яндекс","рюкзак мешок купить минск","1","1","1.0","1.0","00:00:00"
"Переходы из поисковых систем","Яндекс","Яндекс","рюкзак спортивный kelme backpack uni / 9893020-003 (черный)","1","1","1.0","1.0","00:00:00"
"Переходы из поисковых систем","Яндекс","Яндекс","рюкзак спортивный kelme backpack uni / 9893020-416","1","1","1.0","1.0","00:00:00"
"Переходы из поисковых систем","Яндекс","Яндекс","рюкзак спортивный kelme leisure sports черный","1","1","0.0","1.0","00:00:16"
"Переходы из поисковых систем","Яндекс","Яндекс","с тгт","1","1","0.0","18.0","00:02:33"
"Переходы из поисковых систем","Яндекс","Яндекс","сайт s-tgt.by","1","1","0.0","7.0","00:01:38"
"Переходы из поисковых систем","Яндекс","Яндекс","синий костюм fn dynamic","1","1","1.0","1.0","00:00:00"
"Переходы из поисковых систем","Яндекс","Яндекс","снуд мужской купить дана молл","1","1","0.0","2.0","00:00:28"
"Переходы из поисковых систем","Яндекс","Яндекс","сороконожки для футбола eagle tf","1","1","0.0","1.0","00:00:15"
"Переходы из поисковых систем","Яндекс","Яндекс","спорт стайл","1","1","0.0","2.0","00:00:28"
"Переходы из поисковых систем","Яндекс","Яндекс","спортивная майка мужская","1","1","1.0","1.0","00:00:00"
"Переходы из поисковых систем","Яндекс","Яндекс","спортивная обувь","1","1","0.0","14.0","00:14:46"
"Переходы из поисковых систем","Яндекс","Яндекс","спортивная одежда ctaft минск","1","1","0.0","3.0","00:00:58"
"Переходы из поисковых систем","Яндекс","Яндекс","спортивная одежда беларусь","1","1","0.0","7.0","00:03:15"
"Переходы из поисковых систем","Яндекс","Яндекс","спортивная одежда в рб","1","1","0.0","2.0","00:00:17"
"Переходы из поисковых систем","Яндекс","Яндекс","спортивная повязка на голову купить в минске","1","1","1.0","1.0","00:00:00"
"Переходы из поисковых систем","Яндекс","Яндекс","спортивная сумка kelme small training bag, артикул 94962-130","1","1","0.0","1.0","00:00:15"
"Переходы из поисковых систем","Яндекс","Яндекс","спортивная экипировка","1","1","1.0","1.0","00:00:00"
"Переходы из поисковых систем","Яндекс","Яндекс","спортивная экипировка беларусь купить в минске","1","1","0.0","3.0","00:00:36"
"Переходы из поисковых систем","Яндекс","Яндекс","спортивная экипировка купить","1","1","0.0","3.0","00:02:31"
"Переходы из поисковых систем","Яндекс","Яндекс","спортивные барьеры купить в минске","1","1","0.0","2.0","00:18:44"
"Переходы из поисковых систем","Яндекс","Яндекс","спортивные ветровки","1","1","0.0","1.0","00:00:18"
"Переходы из поисковых систем","Яндекс","Яндекс","спортивные жилетки","1","1","1.0","1.0","00:00:00"
"Переходы из поисковых систем","Яндекс","Яндекс","спортивные жилетки минск","1","1","1.0","1.0","00:00:00"
"Переходы из поисковых систем","Яндекс","Яндекс","спортивные жилеты дженова минск","1","1","1.0","1.0","00:00:00"
"Переходы из поисковых систем","Яндекс","Яндекс","спортивные магазины","1","1","0.0","1.0","00:00:18"
"Переходы из поисковых систем","Яндекс","Яндекс","спортивные магазины беларусь","1","1","0.0","2.0","00:03:26"
"Переходы из поисковых систем","Яндекс","Яндекс","спортивные магазины минск в минске","1","1","0.0","2.0","00:00:16"
"Переходы из поисковых систем","Яндекс","Яндекс","спортивные магазины одежды","1","1","0.0","6.0","00:02:04"
"Переходы из поисковых систем","Яндекс","Яндекс","спортивные майки","1","1","0.0","6.0","00:01:33"
"Переходы из поисковых систем","Яндекс","Яндекс","спортивные рукава бежевые","1","1","1.0","1.0","00:00:00"
"Переходы из поисковых систем","Яндекс","Яндекс","спортивный костюм fn минск","1","1","1.0","1.0","00:00:00"
"Переходы из поисковых систем","Яндекс","Яндекс","спортивный костюм кельме купить беларусь","1","1","0.0","15.0","00:27:39"
"Переходы из поисковых систем","Яндекс","Яндекс","спортивный костюм мужской fn rapid","1","1","1.0","1.0","00:00:05"
"Переходы из поисковых систем","Яндекс","Яндекс","спортивный пуховик купить минск","1","1","0.0","2.0","00:00:30"
"Переходы из поисковых систем","Яндекс","Яндекс","стоимость фан барьеров в минке","1","1","1.0","1.0","00:00:00"
"Переходы из поисковых систем","Яндекс","Яндекс","стройтрест 7 футбольная форма","1","1","0.0","1.0","00:00:20"
"Переходы из поисковых систем","Яндекс","Яндекс","судейская форма вильнюс","1","1","0.0","4.0","00:00:27"
"Переходы из поисковых систем","Яндекс","Яндекс","судейская форма купить","1","1","0.0","1.0","00:00:15"
"Переходы из поисковых систем","Яндекс","Яндекс","судейская форма купить в рб","1","1","0.0","1.0","00:00:19"
"Переходы из поисковых систем","Яндекс","Яндекс","судейская экипировка","1","1","0.0","2.0","00:00:46"
"Переходы из поисковых систем","Яндекс","Яндекс","сумка hn calmay large bag 340a","1","1","1.0","1.0","00:00:00"
"Переходы из поисковых систем","Яндекс","Яндекс","сумка kelme 8401bb5055-000","1","1","0.0","1.0","00:00:16"
"Переходы из поисковых систем","Яндекс","Яндекс","таблица размеров кельме одежда","1","1","1.0","1.0","00:00:00"
"Переходы из поисковых систем","Яндекс","Яндекс","табло гандбольное цена в минске","1","1","1.0","1.0","00:00:00"
"Переходы из поисковых систем","Яндекс","Яндекс","тгт sports","1","1","0.0","1.0","00:00:19"
"Переходы из поисковых систем","Яндекс","Яндекс","тгт бай интернет магазин","1","1","0.0","1.0","00:00:20"
"Переходы из поисковых систем","Яндекс","Яндекс","тгт бай юр адрес","1","1","0.0","1.0","00:00:15"
"Переходы из поисковых систем","Яндекс","Яндекс","тгт ветровка","1","1","0.0","3.0","00:02:12"
"Переходы из поисковых систем","Яндекс","Яндекс","тгт время работы","1","1","1.0","1.0","00:00:00"
"Переходы из поисковых систем","Яндекс","Яндекс","тгт директор","1","1","0.0","2.0","00:01:07"
"Переходы из поисковых систем","Яндекс","Яндекс","тгт кельме рб","1","1","0.0","4.0","00:03:18"
"Переходы из поисковых систем","Яндекс","Яндекс","тгт минск","1","1","1.0","1.0","00:00:00"
"Переходы из поисковых систем","Яндекс","Яндекс","тгт одежда","1","1","0.0","1.0","00:00:30"
"Переходы из поисковых систем","Яндекс","Яндекс","тгт фирма","1","1","0.0","1.0","00:00:18"
"Переходы из поисковых систем","Яндекс","Яндекс","тгт форма волейбол","1","1","0.0","13.0","00:04:40"
"Переходы из поисковых систем","Яндекс","Яндекс","тгт футболки","1","1","0.0","2.0","00:00:36"
"Переходы из поисковых систем","Яндекс","Яндекс","тейп купить в минске","1","1","1.0","1.0","00:00:00"
"Переходы из поисковых систем","Яндекс","Яндекс","телефон тгт","1","1","0.0","2.0","00:00:25"
"Переходы из поисковых систем","Яндекс","Яндекс","термобелье falcon купить в рб","1","1","0.0","1.0","00:00:27"
"Переходы из поисковых систем","Яндекс","Яндекс","термобелье гребля с символикой","1","1","0.0","1.0","00:00:16"
"Переходы из поисковых систем","Яндекс","Яндекс","турфы kelme goleiro turf elastic","1","1","1.0","1.0","00:00:00"
"Переходы из поисковых систем","Яндекс","Яндекс","унп 191760042","1","1","0.0","2.0","00:00:28"
"Переходы из поисковых систем","Яндекс","Яндекс","фирма tgt безрукавки","1","1","0.0","1.0","00:00:18"
"Переходы из поисковых систем","Яндекс","Яндекс","фирма тгт","1","1","0.0","2.0","00:00:52"
"Переходы из поисковых систем","Яндекс","Яндекс","фн спорт","1","1","0.0","9.0","00:10:43"
"Переходы из поисковых систем","Яндекс","Яндекс","форма вратаря купить рб","1","1","0.0","1.0","00:00:19"
"Переходы из поисковых систем","Яндекс","Яндекс","форма вратаря футбольная купить","1","1","1.0","1.0","00:00:00"
"Переходы из поисковых систем","Яндекс","Яндекс","форма для легкой атлетики беларусь","1","1","1.0","1.0","00:00:00"
"Переходы из поисковых систем","Яндекс","Яндекс","форма для легкой атлетики мужские купить в минске","1","1","0.0","2.0","00:01:12"
"Переходы из поисковых систем","Яндекс","Яндекс","форма для спортсменов пошив минск","1","1","0.0","2.0","00:01:26"
"Переходы из поисковых систем","Яндекс","Яндекс","форма для футбола купить","1","1","0.0","3.0","00:01:32"
"Переходы из поисковых систем","Яндекс","Яндекс","форма для футбольной команды","1","1","1.0","1.0","00:00:00"
"Переходы из поисковых систем","Яндекс","Яндекс","форма короткая для легкой атлетики купить","1","1","1.0","1.0","00:00:00"
"Переходы из поисковых систем","Яндекс","Яндекс","форма легкоатлетическая","1","1","1.0","1.0","00:00:00"
"Переходы из поисковых систем","Яндекс","Яндекс","форма рб по легкой атлетике купить","1","1","1.0","1.0","00:00:00"
"Переходы из поисковых систем","Яндекс","Яндекс","форма реала купить","1","1","1.0","1.0","00:00:00"
"Переходы из поисковых систем","Яндекс","Яндекс","форма соревновательная для легкой атлетики купить в беларуси","1","1","0.0","1.0","00:00:15"
"Переходы из поисковых систем","Яндекс","Яндекс","форма соревновательная для легкой атлетики с символикой","1","1","0.0","1.0","00:00:44"
"Переходы из поисковых систем","Яндекс","Яндекс","форма судейская футбольная","1","1","0.0","3.0","00:27:23"
"Переходы из поисковых систем","Яндекс","Яндекс","форма футбольная kelme 7351zb1129-105 купить","1","1","0.0","2.0","00:00:50"
"Переходы из поисковых систем","Яндекс","Яндекс","форма футбольная kelme football suit 8351zb1085-100","1","1","0.0","3.0","00:17:03"
"Переходы из поисковых систем","Яндекс","Яндекс","форма футбольная купить в минске","1","1","1.0","1.0","00:00:00"
"Переходы из поисковых систем","Яндекс","Яндекс","футболка real madrid","1","1","1.0","1.0","00:00:00"
"Переходы из поисковых систем","Яндекс","Яндекс","футболка t-shirt fn4011001","1","1","0.0","1.0","00:00:21"
"Переходы из поисковых систем","Яндекс","Яндекс","футболки tgt","1","1","1.0","1.0","00:00:00"
"Переходы из поисковых систем","Яндекс","Яндекс","футбольная обувь минск","1","1","0.0","3.0","00:00:53"
"Переходы из поисковых систем","Яндекс","Яндекс","футбольная форма kelme 8351zb1081-401 описание","1","1","1.0","1.0","00:00:00"
"Переходы из поисковых систем","Яндекс","Яндекс","футбольная форма kelme football suit 7351zb1129-105 купить","1","1","0.0","2.0","00:00:05"
"Переходы из поисковых систем","Яндекс","Яндекс","футбольная форма kelme football suit детская","1","1","0.0","20.0","00:17:46"
"Переходы из поисковых систем","Яндекс","Яндекс","футбольная форма детская лазурный бирюзовый купить минск","1","1","0.0","10.0","00:11:47"
"Переходы из поисковых систем","Яндекс","Яндекс","футбольная форма динамо минск детская","1","1","0.0","1.0","00:00:22"
"Переходы из поисковых систем","Яндекс","Яндекс","футбольная форма для детей купить беларусь","1","1","0.0","1.0","00:00:18"
"Переходы из поисковых систем","Яндекс","Яндекс","футбольная форма для мальчиков купить рб","1","1","1.0","1.0","00:00:00"
"Переходы из поисковых систем","Яндекс","Яндекс","футбольная форма зевс","1","1","0.0","1.0","00:00:27"
"Переходы из поисковых систем","Яндекс","Яндекс","футбольная форма келми 21 век","1","1","0.0","1.0","00:00:15"
"Переходы из поисковых систем","Яндекс","Яндекс","футбольная форма купить","1","1","0.0","3.0","00:00:52"
"Переходы из поисковых систем","Яндекс","Яндекс","футбольная форма купить в беларуси","1","1","1.0","1.0","00:00:00"
"Переходы из поисковых систем","Яндекс","Яндекс","футбольная форма купить в беларуси реал мадрид","1","1","1.0","1.0","00:00:00"
"Переходы из поисковых систем","Яндекс","Яндекс","футбольная форма подростковая купить в минске","1","1","1.0","1.0","00:00:00"
"Переходы из поисковых систем","Яндекс","Яндекс","футбольная форма с нанесением","1","1","1.0","1.0","00:00:00"
"Переходы из поисковых систем","Яндекс","Яндекс","футбольная форма фк сморгонь купить","1","1","0.0","1.0","00:00:15"
"Переходы из поисковых систем","Яндекс","Яндекс","футбольная экипировка","1","1","1.0","1.0","00:00:00"
"Переходы из поисковых систем","Яндекс","Яндекс","футбольная экипировки минск","1","1","0.0","36.0","00:16:22"
"Переходы из поисковых систем","Яндекс","Яндекс","футбольные бутсы беларуси купить","1","1","1.0","1.0","00:00:00"
"Переходы из поисковых систем","Яндекс","Яндекс","футбольные вратарские защита локтей купить в бресте","1","1","0.0","4.0","00:01:43"
"Переходы из поисковых систем","Яндекс","Яндекс","футзалки 33 купить в минске","1","1","1.0","1.0","00:00:00"
"Переходы из поисковых систем","Яндекс","Яндекс","футзалки 47 размер","1","1","0.0","1.0","00:00:15"
"Переходы из поисковых систем","Яндекс","Яндекс","футзалки fn размерная сетка","1","1","0.0","5.0","00:01:00"
"Переходы из поисковых систем","Яндекс","Яндекс","футзалки shadow купить","1","1","0.0","13.0","00:03:32"
"Переходы из поисковых систем","Яндекс","Яндекс","футзалки silence","1","1","0.0","2.0","00:00:28"
"Переходы из поисковых систем","Яндекс","Яндекс","футзалки детские кельми купить","1","1","0.0","1.0","00:00:12"
"Переходы из поисковых систем","Яндекс","Яндекс","футзалки кельме купить в минске","1","1","0.0","4.0","00:01:24"
"Переходы из поисковых систем","Яндекс","Яндекс","футзалки купить","1","1","0.0","1.0","00:00:16"
"Переходы из поисковых систем","Яндекс","Яндекс","футзалки купить 36р","1","1","0.0","2.0","00:00:33"
"Переходы из поисковых систем","Яндекс","Яндекс","футзалки купить в минске 48-49 размер","1","1","0.0","3.0","00:00:15"
"Переходы из поисковых систем","Яндекс","Яндекс","футзалки минск","1","1","0.0","2.0","00:00:05"
"Переходы из поисковых систем","Яндекс","Яндекс","хоккейная экипировка","1","1","1.0","1.0","00:00:00"
"Переходы из поисковых систем","Яндекс","Яндекс","центр спорт экипировки","1","1","0.0","3.0","00:00:31"
"Переходы из поисковых систем","Яндекс","Яндекс","шапка детская реал мадрид","1","1","0.0","1.0","00:00:15"
"Переходы из поисковых систем","Яндекс","Яндекс","шарф бургунди купить минск","1","1","0.0","1.0","00:00:38"
"Переходы из поисковых систем","Яндекс","Яндекс","шиповки детские келми купить в минске","1","1","1.0","1.0","00:00:00"
"Переходы из поисковых систем","Яндекс","Яндекс","шиповки для бега на длинные дистанции купить","1","1","1.0","1.0","00:00:00"
"Переходы из поисковых систем","Яндекс","Яндекс","шиповки для легкой атлетики бег на средние дистанции в минске","1","1","0.0","1.0","00:00:17"
"Переходы из поисковых систем","Яндекс","Яндекс","шиповки для легкой атлетики купить беларуси","1","1","0.0","2.0","00:02:45"
"Переходы из поисковых систем","Яндекс","Яндекс","шиповки купить на короткие и средние дистанции в беларуси","1","1","0.0","1.0","00:00:19"
"Переходы из поисковых систем","Яндекс","Яндекс","шипы легкая атлетика купить минске","1","1","0.0","2.0","00:00:29"
"Переходы из поисковых систем","Яндекс","Яндекс","шповки для бега на длинные дистанции купить в беларуси","1","1","0.0","4.0","00:05:42"
"Переходы из поисковых систем","Яндекс","Яндекс","экипировка спортивная беларусь","1","1","0.0","2.0","00:00:29"
"Переходы из поисковых систем","Яндекс","Яндекс","экипировочный центр kelme минск","1","1","0.0","2.0","00:00:23"
"Переходы из поисковых систем","Яндекс","Яндекс","экипировочный центр s-tgt.by","1","1","0.0","10.0","00:02:43"
"Переходы из поисковых систем","Яндекс","Яндекс","экипировочный центр для спорта на дзержинского","1","1","0.0","1.0","00:00:14"
"Переходы из поисковых систем","Google","Google","баскетбольный мяч","1","1","0.0","6.0","00:01:50"
"Переходы из поисковых систем","Google","Google","кроссовки купить мужские","1","1","0.0","6.0","00:02:32"
"Переходы из поисковых систем","Google","Google","купить флажки судейские футбольные","1","1","0.0","3.0","00:00:59"
"Переходы из поисковых систем","Google","Google","купить шапку спортивную вс рб","1","1","1.0","1.0","00:00:00"
"Переходы из поисковых систем","Google","Google","оригинальная форма реала купить в минске","1","1","1.0","1.0","00:00:00"
"Переходы из поисковых систем","Google","Google","флажки судейские футбольные купить","1","1","1.0","1.0","00:00:00"
"Переходы по рекламе","TikTok","Не определено","Не определено","1","1","1.0","1.0","00:00:00"
"Переходы с сохранённых страниц","Не определено","Не определено","Не определено","1","1","1.0","1.0","00:00:00"
"Переходы из социальных сетей","Linked in","Не определено","Не определено","1","1","0.0","3.0","00:05:11"
"Переходы из рекомендательных систем","Дзен","Не определено","Не определено","1","1","1.0","1.0","00:00:00"
"Переходы из рекомендательных систем","Google Discover","Не определено","Не определено","1","1","1.0","1.0","00:00:00"
